"Regions","CATEGORY","ITEM","UNIT","GAMBELLA","GAMBELLA","GAMBELLA","DIREDAWA","DIREDAWA"
"Markets","CATEGORY","ITEM","UNIT","Gambella","Shebo- kire ","Meti","Dire Dawa ","Melka- Jebdu "
"1","CEREALS UNMILLED","'Teff' White ","Kg ","17.50","-","16.00","17.92","18.17"
"2","CEREALS UNMILLED","'Teff' Mixed","Kg ","16.00","-","13.00","15.89","14.08"
"3","CEREALS UNMILLED","'Teff' Black (Red)","Kg ","12.83","-","12.00","13.07","13.16"
"4","CEREALS UNMILLED","Wheat White","Kg ","11.66","-","9.32","10.46","9.49"
"5","CEREALS UNMILLED","Wheat Mixed","Kg ","-","-","9.32","-","-"
"6","CEREALS UNMILLED","Wheat Black (Red)","Kg ","8.32","-","-","8.97","8.00"
"7","CEREALS UNMILLED","Barley White","Kg ","12.00","-","9.00","9.49","8.33"
"8","CEREALS UNMILLED","Barley Mixed","Kg ","12.00","-","8.00","8.50","7.50"
"9","CEREALS UNMILLED","Barley Black","Kg ","12.00","12.97","8.00","8.43","7.83"
"10","CEREALS UNMILLED","Barley for Beer","Kg ","-","-","-","10.00","8.50"
"11","CEREALS UNMILLED","Maize (White)","Kg ","6.00","4.74","5.33","7.16","7.00"
"12","CEREALS UNMILLED","Durrah","Kg ","-","-","-","-","7.00"
"13","CEREALS UNMILLED","Sorghum Yellow","Kg ","-","-","-","9.25","12.00"
"14","CEREALS UNMILLED","Sorghum White","Kg ","7.00","-","5.59","10.91","11.32"
"15","CEREALS UNMILLED","Sorghum Red","Kg ","6.00","5.21","4.59","7.91","8.00"
"16","CEREALS UNMILLED","African Millet","Kg ","10.00","-","7.10","13.00","12.63"
"17","CEREALS UNMILLED","Rice (Imported)","Kg ","19.31","19.31","-","16.00","15.00"
"18","CEREALS UNMILLED","Oats","Kg ","-","-","-","-","-"
"19","CEREALS UNMILLED","Hulled Barley","Kg ","-","-","-","-","-"
"20","CEREALS MILLED","'Teff' White","Kg ","18.07","-","-","-","-"
"21","CEREALS MILLED","'Teff' Mixed","Kg ","16.67","16.50","-","-","-"
"22","CEREALS MILLED","'Teff' Black (Red)","Kg ","-","-","-","-","-"
"23","CEREALS MILLED","Wheat White","Kg ","-","-","-","-","-"
"24","CEREALS MILLED","Wheat Mixed","Kg ","-","-","-","8.25","-"
"25","CEREALS MILLED","Barley White","Kg ","-","-","-","-","-"
"26","CEREALS MILLED","Barley Mixed","Kg ","-","-","-","-","-"
"1","P R I C E   I N    B I R R","Maize (White)","Kg ","7.00","-","-","7.59","-"
"2","P R I C E   I N    B I R R","Oats","Kg ","-","-","-","-","-"
"3","P R I C E   I N    B I R R","Sorghum","Kg ","-","-","-","-","-"
"4","P R I C E   I N    B I R R","Durrah","Kg ","-","-","-","-","-"
"5","P R I C E   I N    B I R R","'Furno Duket' Locally Processed","Kg ","12.00","12.00","12.00","12.49","12.00"
"6","PULSES UNMILLED","Horse Beans","Kg ","18.00","20.00","10.00","12.46","11.32"
"7","PULSES UNMILLED","Peas White","Kg ","-","-","10.00","-","20.00"
"8","PULSES UNMILLED","Peas Green(dry)","Kg ","-","-","-","14.14","11.66"
"9","PULSES UNMILLED","Peas Mixed","Kg ","19.31","18.00","-","-","11.00"
"10","PULSES UNMILLED","Soya Beans","Kg ","20.00","-","10.00","27.59","40.00"
"11","PULSES UNMILLED","Chick Peas","Kg ","16.64","18.00","14.00","12.83","12.00"
"12","PULSES UNMILLED","Lentils","Kg ","24.00","24.65","24.00","20.45","20.00"
"13","PULSES UNMILLED","Haricot Beans","Kg ","12.00","6.00","7.36","10.32","9.00"
"14","PULSES UNMILLED","Lima Beans","Kg ","-","-","-","-","-"
"15","PULSES UNMILLED","Vetch","Kg ","-","-","6.66","11.32","8.00"
"16","PULSES UNMILLED","Fenugreek(Green)","Kg ","37.13","30.00","20.00","14.31","13.00"
"17","PULSES MILLED OR SPLIT","Horse Beans Milled","Kg ","-","18.00","-","-","-"
"18","PULSES MILLED OR SPLIT","Peas Milled","Kg ","40.00","44.00","19.36","29.32","25.00"
"19","PULSES MILLED OR SPLIT","Chick Peas Milled","Kg ","-","-","-","-","-"
"20","PULSES MILLED OR SPLIT","Mixed Pulses Milled","Kg ","21.31","22.00","19.61","21.44","20.33"
"21","PULSES MILLED OR SPLIT","Vetch Milled","Kg ","-","-","18.99","-","21.00"
"22","PULSES MILLED OR SPLIT","Peas Split","Kg ","18.00","18.00","16.00","13.47","20.00"
"23","PULSES MILLED OR SPLIT","Peas Split(Roasted)","Kg ","-","-","-","15.49","15.33"
"24","PULSES MILLED OR SPLIT","Horse Beans Split(Roasted)","Kg ","-","-","-","-","-"
"25","PULSES MILLED OR SPLIT","Lentils Split","Kg ","28.00","28.65","24.00","24.49","23.00"
"1","P R I C E   I N    B I R R","Vetch Split(Roasted)","Kg ","-","-","-","12.66","11.00"
"2","P R I C E   I N    B I R R","Chick Peas Split(Roasted)","Kg ","-","-","-","22.00","20.00"
"3","P R I C E   I N    B I R R","Fenugreek Milled","Kg ","-","-","60.00","24.31","41.60"
"4","OIL SEEDS","Niger Seed","Kg ","32.86","-","20.00","28.31","25.00"
"5","OIL SEEDS","Linseed White","Kg ","-","-","-","36.59","-"
"6","OIL SEEDS","Linseed Red","Kg ","40.00","22.00","20.00","15.15","18.17"
"7","OIL SEEDS","Sesame Seed Red","Kg ","50.00","22.75","-","31.58","30.00"
"8","OIL SEEDS","Sunflower","Kg ","20.00","30.00","20.00","14.49","12.32"
"9","OIL SEEDS","Castor Beans","Kg ","-","-","-","14.66","11.79"
"10","OIL SEEDS","Rape Seed","Kg ","14.64","20.00","15.00","13.26","10.00"
"11","OIL SEEDS","Ground Nut Shelled","Kg ","25.00","25.65","-","15.74","-"
"12","PREPARED CEREAL PRODUCTS","Spaghetti (Local) Without Egg","Kg ","26.00","26.00","26.00","-","22.00"
"13","PREPARED CEREAL PRODUCTS","Pastini","Kg ","25.00","-","28.00","32.65","27.32"
"14","PREPARED CEREAL PRODUCTS","Macaroni (Local) Without Egg","Kg ","20.00","20.00","18.00","16.82","16.00"
"15","PREPARED CEREAL PRODUCTS","'Fafa' Flour","kg ","-","-","-","-","-"
"16","PREPARED CEREAL PRODUCTS","'Dube' Flour","kg ","25.00","-","-","-","-"
"17","BREAD AND OTHER PREPARED FOODS","'Enjera' ('Teff' Mixed)","325gm ","4.76","3.97","3.40","-","4.30"
"18","BREAD AND OTHER PREPARED FOODS","'Dabo' (Traditional Ambasha)","350gm ","4.38","5.83","-","3.42","-"
"19","BREAD AND OTHER PREPARED FOODS","'Dabo' (Traditional Sheleto)","350gm ","-","-","-","3.17","-"
"20","BREAD AND OTHER PREPARED FOODS","Bread Wheat (Bakery)","350gm ","3.89","5.53","5.00","3.97","4.35"
"21","BREAD AND OTHER PREPARED FOODS","Biscuits ","150gm ","4.29","6.00","4.29","4.21","4.29"
"1","MEAT","Beef ","Kg ","96.55","80.00","80.00","144.81","126.58"
"2","MEAT","Camel Meat ","Kg ","-","-","-","80.00","-"
"3","FISH AND FISH PRODUCTS","Fish Fresh","Kg ","19.43","10.00","-","-","-"
"4","FISH AND FISH PRODUCTS","Sardines (Imported)","125gm ","38.26","-","-","31.50","-"
"5","DIARY PRODUCTS AND EGG","Cow Milk (Unpasteurized)","Lt ","16.67","10.00","8.70","14.86","14.00"
"6","DIARY PRODUCTS AND EGG","Cow Milk (pasteurized)","Lt ","-","-","-","34.65","-"
"7","DIARY PRODUCTS AND EGG","Camel Milk","Lt ","-","-","-","13.66","-"
"8","DIARY PRODUCTS AND EGG","Goat Milk","Lt ","-","-","-","-","-"
"9","DIARY PRODUCTS AND EGG","Powdered Milk (Me&My)","450gm ","135.00","149.91","-","-","-"
"10","DIARY PRODUCTS AND EGG","Yoghurt (Traditional)","Lt ","28.00","-","25.00","24.90","24.96"
"11","DIARY PRODUCTS AND EGG","Cheese Cottage","Kg ","40.00","-","21.15","60.00","65.00"
"12","DIARY PRODUCTS AND EGG","Egg (Traditional)","Dozen ","36.00","36.00","36.00","31.88","33.00"
"13","OILS AND FATS","Butter Unrefined","Kg ","120.00","-","140.00","141.23","136.58"
"14","OILS AND FATS","Cooking Oil (Imported)","Lt ","27.00","27.70","26.67","23.50","-"
"15","OILS AND FATS","Cooking Oil (Local)","Lt ","-","-","-","35.00","-"
"16","OILS AND FATS","Vegetable Butter(Sheno & Shady)","Kg ","94.44","101.82","-","71.80","77.78"
"1","VEGETABLES (FRESH)","Ethiopian Kale","Kg ","6.58","10.35","4.14","4.00","4.41"
"2","VEGETABLES (FRESH)","Cabbage","Kg ","10.00","-","8.11","5.79","7.66"
"3","VEGETABLES (FRESH)","Lettuce","Kg ","17.67","-","-","21.92","6.93"
"4","VEGETABLES (FRESH)","Spinach","Kg ","-","-","-","5.01","4.34"
"5","VEGETABLES (FRESH)","Carrot","Kg ","16.64","-","-","8.41","7.00"
"6","VEGETABLES (FRESH)","Tomatoes","Kg ","30.00","-","10.87","24.32","25.00"
"7","VEGETABLES (FRESH)","Onions","Kg ","-","-","12.41","13.95","12.00"
"8","VEGETABLES (FRESH)","Garlics","Kg ","26.57","30.00","19.64","19.31","21.31"
"9","VEGETABLES (FRESH)","Leaks","Kg ","16.00","15.33","-","9.83","12.11"
"10","VEGETABLES (FRESH)","Pepper Green","Kg ","28.23","16.33","13.07","16.80","20.00"
"11","VEGETABLES (FRESH)","Pumpkin  ","Kg ","3.82","-","3.14","-","-"
"12","VEGETABLES (FRESH)","Green Peas","Kg ","25.00","-","-","28.23","15.00"
"13","VEGETABLES (FRESH)","Beet Root","Kg ","10.00","13.00","4.84","9.12","5.00"
"14","VEGETABLES (FRESH)","Cauliflower","Kg ","-","-","-","40.00","-"
"15","FRUITS FRESH","Banana","Kg ","16.00","-","3.70","11.31","15.00"
"16","FRUITS FRESH","Orange","Kg ","24.65","-","4.63","20.00","25.00"
"17","FRUITS FRESH","Lemon","Kg ","25.00","-","-","20.40","20.00"
"18","FRUITS FRESH","Tangerine","Kg ","-","-","-","-","-"
"19","FRUITS FRESH","Papaya","Kg ","7.80","-","2.13","14.66","20.00"
"20","FRUITS FRESH","Grapes","Kg ","-","-","-","-","-"
"21","FRUITS FRESH","Avocado","Kg ","26.00","-","3.77","13.33","15.00"
"22","FRUITS FRESH","Mango","Kg ","-","-","-","9.76","20.00"
"23","FRUITS FRESH","Cactus","Kg ","-","-","-","4.98","-"
"1","SPICES","Pepper Whole","Kg ","-","-","37.00","32.79","35.00"
"2","SPICES","Black Pepper(Local)","Kg ","-","-","-","236.33","210.00"
"3","SPICES","Long Pepper(Local)","Kg ","-","-","-","81.63","72.00"
"4","SPICES","White Cumin(Bishop's Weed)Local","Kg ","55.00","60.00","-","40.00","33.97"
"5","SPICES","Black Cumin(Local)","Kg ","40.00","60.00","40.00","40.00","35.00"
"6","SPICES","Ginger Dry(Local)","Kg ","-","-","-","31.47","28.65"
"7","SPICES","Ginger Wet(Local)","Kg ","19.31","20.00","4.12","12.10","20.00"
"8","SPICES","Cloves(Imported)","Kg ","-","-","-","329.90","320.00"
"9","SPICES","Cinnamon(Imported)","Kg ","-","-","-","69.88","68.00"
"10","SPICES","Cardamon(Local)","Kg ","120.00","-","-","113.71","118.65"
"11","SPICES","Tumeric Flour(Local)","Kg ","-","-","2.50","34.64","29.32"
"12","SPICES","Chillies Whole","Kg ","166.67","-","-","50.44","50.00"
"13","SPICES","Basil Dry","Kg ","40.00","50.00","18.64","33.25","36.59"
"14","POTATOES, OTHER TUBERS AND STEMS","Potato","Kg ","10.00","10.00","3.99","5.22","5.00"
"15","POTATOES, OTHER TUBERS AND STEMS","Sweet Potato","Kg ","-","-","2.91","-","4.58"
"16","POTATOES, OTHER TUBERS AND STEMS","'Kocho' (Unprocessed)","Kg ","-","-","7.94","-","27.00"
"17","POTATOES, OTHER TUBERS AND STEMS","'Bula'","Kg ","-","-","15.01","30.00","35.00"
"18","POTATOES, OTHER TUBERS AND STEMS","Tea Leaves(Local)","100gm ","10.00","10.00","10.00","11.43","10.40"
"19","POTATOES, OTHER TUBERS AND STEMS","Coffee Whole","Kg ","-","-","18.00","-","-"
"20","POTATOES, OTHER TUBERS AND STEMS","Coffee Beans","Kg ","50.00","60.00","45.00","118.27","120.00"
"21","POTATOES, OTHER TUBERS AND STEMS","Coffee Leaves","Kg ","-","-","-","100.34","25.00"
"22","POTATOES, OTHER TUBERS AND STEMS","Buck Thorn Leaves","Kg ","25.13","27.66","14.08","13.16","17.98"
"23","POTATOES, OTHER TUBERS AND STEMS","'Chat'","Kg ","69.31","122.12","35.15","51.51","-"
"1","P R I C E   I N    B I R R","Malt-Barley","Kg ","-","-","14.71","15.33","20.00"
"2","P R I C E   I N    B I R R","Malt-Wheat","Kg ","-","-","14.71","13.66","-"
"3","OTHER FOOD ITEMS","Salt","Kg ","7.00","6.65","6.00","5.28","5.00"
"4","OTHER FOOD ITEMS","Sugar","Kg ","15.50","18.00","-","15.74","-"
"5","OTHER FOOD ITEMS","Honey","Kg ","-","-","60.00","91.88","100.00"
"6","OTHER FOOD ITEMS","Canned Tomato (Local)","410gm ","25.65","22.66","-","22.33","23.33"
"7","OTHER FOOD ITEMS","Dry Yeast(Baking powder)","350gm ","140.00","-","140.00","90.20","105.00"
"8","FOOD TAKEN AWAY FROM HOME","Cup of Tea","No ","1.31","1.00","1.00","2.62","2.29"
"9","FOOD TAKEN AWAY FROM HOME","Cup of Coffee","No ","3.00","3.00","2.00","5.00","5.00"
"10","FOOD TAKEN AWAY FROM HOME","Cup of Milk","No ","5.00","4.00","5.00","5.00","6.00"
"11","FOOD TAKEN AWAY FROM HOME","'Key Wot Yebere'","One Meal ","20.00","20.00","-","26.17","32.93"
"12","FOOD TAKEN AWAY FROM HOME","'Key Wot Yebeg/Yefyel'","One Meal ","-","-","20.00","25.37","-"
"13","FOOD TAKEN AWAY FROM HOME","'Yebeg Tibs'","One Meal ","31.58","30.00","26.57","39.59","41.25"
"14","FOOD TAKEN AWAY FROM HOME","'Fasting Meal Without fish","One Meal ","12.00","11.29","10.00","21.44","22.66"
"15","FOOD TAKEN AWAY FROM HOME","'Yebeg Kikil'","One Meal ","23.96","-","25.00","26.17","32.57"
"16","COST OF MILLING","Cereals","100Kg ","30.00","-","35.00","30.64","40.00"
"17","COST OF MILLING","Pulses","100Kg ","-","50.00","50.00","38.47","40.00"
"18","COST OF MILLING","Pepper Whole","100Kg ","-","-","109.77","152.66","150.00"
"1","BEVERAGES - NON ALCOHOLIC","Ambo Mineral Water","500cc ","8.00","-","10.00","7.48","5.00"
"2","BEVERAGES - NON ALCOHOLIC","Mineral Water","Lt ","10.00","11.66","10.00","9.74","8.00"
"3","BEVERAGES - NON ALCOHOLIC","Coca Cola/Fanta","300cc ","8.00","8.00","8.00","7.46","6.00"
"4","BEVERAGES - NON ALCOHOLIC","Pepsi Cola/Mirinda","300cc ","8.00","8.00","8.00","7.46","6.00"
"5","BEVERAGES - ALCOHOLIC","Araki (Local)","900cc ","45.00","50.00","-","74.47","71.63"
"6","BEVERAGES - ALCOHOLIC","Cognac (Local)","900cc ","115.00","-","-","-","-"
"7","BEVERAGES - ALCOHOLIC","Brandy (Local)","900cc ","96.00","-","-","-","-"
"8","BEVERAGES - ALCOHOLIC","Gin (Local)","900cc ","96.00","-","93.22","74.47","75.00"
"9","BEVERAGES - ALCOHOLIC","Saris Wine (Normal)","750cc ","50.00","-","-","44.30","40.00"
"10","BEVERAGES - ALCOHOLIC","'Katikalla'","Lt ","33.71","30.00","-","27.47","36.94"
"11","BEVERAGES - ALCOHOLIC","Beer (Bedele)","330cc ","10.00","10.00","10.00","-","-"
"12","BEVERAGES - ALCOHOLIC","Beer (Harar)","330cc ","-","-","-","10.31","11.00"
"13","BEVERAGES - ALCOHOLIC","Beer (Meta Abo)","330cc ","11.00","10.00","-","12.00","11.00"
"14","BEVERAGES - ALCOHOLIC","'Tella'","Lt ","4.71","4.71","3.00","3.44","4.82"
"15","BEVERAGES - ALCOHOLIC","'Tej' (Mead)","Lt ","11.24","-","10.63","6.67","5.52"
"16","CIGARETTES","Nyala","Packet ","10.00","13.00","10.00","9.83","10.00"
"17","CIGARETTES","Gissila","Packet ","-","-","-","-","-"
"18","CIGARETTES","Rothmans/England/","Packet ","-","-","-","30.00","30.00"
"19","CIGARETTES","Marlboro","Packet ","-","-","-","35.00","-"
"1","TOBACCO","'Gaya'","Kg ","81.09","-","-","-","-"
"2","CLOTHING","Abujedid(Akaki/Bahir Dar)91cm","Meter ","-","-","-","20.33","18.66"
"3","CLOTHING","Abujedid(Komb",")150cm Meter ","25.51","-","47.43","33.97","28.65"
"4","CLOTHING","Khaki(S-10,000 Twil)150cm","Meter ","-","-","-","-","70.00"
"5","CLOTHING","Khaki(Akaki)","Meter ","-","-","-","-","-"
"6","CLOTHING","Wool-England 100%","Meter ","-","-","-","-","-"
"7","CLOTHING","Tetron(A","Meter ","-","-","-","-","-"
"8","CLOTHING","Poplin(Dire Dawa)105cm","Meter ","-","-","-","29.96","24.49"
"9","CLOTHING","Poplin(Komb","Meter ","40.00","-","-","46.61","45.00"
"10","CLOTHING","Nylon(Mojo)","Meter ","40.00","-","-","-","-"
"11","CLOTHING","Polyster(Arba Minch/Awasa)","Meter ","-","-","-","-","75.00"
"12","CLOTHING","Jersi","Meter ","-","-","-","55.98","-"
"13","CLOTHING","Cotton","Kg ","-","-","-","-","-"
"14","CLOTHING","Hisufi ","Meter ","-","-","-","68.29","-"
"15","CLOTHING","Kefai","Meter ","-","-","-","-","-"
"16","CLOTHING","Kashemire","Meter ","-","-","-","57.45","-"
"17","CLOTHING","Deriya","Meter ","-","-","-","21.77","23.33"
"18","COST OF TAILORING","Woolen Suit (Men)","No ","-","-","-","666.26","632.89"
"19","COST OF TAILORING","Khaki/Teteron Suit (Men)","No ","334.66","-","-","214.48","206.46"
"20","COST OF TAILORING","Khaki/Teteron Suit (Boys)","No ","178.89","-","-","164.32","123.24"
"1","READY-MADE / FOR ADULTS","'Netela'","No ","-","-","-","-","-"
"2","READY-MADE / FOR ADULTS","'Gabi'","No ","-","-","-","566.19","426.64"
"3","READY-MADE / FOR ADULTS","Shirts Long Sleeved (Local)","No ","-","-","-","-","-"
"4","READY-MADE / FOR ADULTS","Shirts Long Sleeved (Imported)","No ","226.62","163.27","200.00","219.85","161.65"
"5","READY-MADE / FOR ADULTS","Shirts Short Sleeved (Imported)","No ","209.84","-","200.00","199.83","134.94"
"6","READY-MADE / FOR ADULTS","Socks (Cotton) Imported","Pair ","30.00","-","20.00","19.31","26.57"
"7","READY-MADE / FOR ADULTS","Sweater (Local) Men","No ","-","-","-","279.82","-"
"8","READY-MADE / FOR ADULTS","Sweater (Local) Women","No ","-","-","-","-","-"
"9","READY-MADE / FOR ADULTS","Shash (Imported)","No ","30.00","-","-","21.41","25.00"
"10","READY-MADE / FOR ADULTS","Singlets (Local) White","No ","-","-","-","-","-"
"11","READY-MADE / FOR ADULTS","Jeans Trouser","No ","463.17","450.00","389.91","429.69","393.22"
"12","READY-MADE / FOR ADULTS","Woolen Suit","No ","-","-","-","-","-"
"13","READY-MADE / FOR ADULTS","'Kemisna Netela'","No ","-","-","-","722.84","693.27"
"14","READY-MADE / FOR ADULTS","Sweater-Men (Imported)","No ","-","-","-","312.27","-"
"15","READY-MADE / FOR ADULTS","Sweater-Women (Imported)","No ","-","-","-","-","-"
"16","READY-MADE / FOR ADULTS","Nylon Dress","No ","-","-","-","-","-"
"17","READY-MADE / FOR ADULTS","Tetron Trouser","No ","-","-","-","-","-"
"18","READY-MADE / FOR ADULTS","Leather Jacket","No ","-","-","-","1600.00","-"
"19","READY-MADE / FOR ADULTS","Under Wear China","No ","-","-","-","-","77.46"
"20","READY-MADE / FOR ADULTS","Polyester Suit","No ","-","-","-","-","-"
"21","READY-MADE / FOR ADULTS","Khaki Short ","No ","-","-","-","-","-"
"22","READY-MADE / FOR ADULTS","T-Shirts ","No ","223.28","153.26","140.00","173.55","123.24"
"23","READY-MADE / FOR ADULTS","Jogging Suit(sport tuta) ","No ","-","-","-","381.62","383.30"
"24","READY-MADE / FOR ADULTS","Khaki Jacket ","No ","-","-","-","374.44","-"
"25","READY-MADE / FOR ADULTS","Geldem ","No ","79.90","-","80.00","115.98","111.64"
"26","READY-MADE / FOR ADULTS","Mekremia","No ","-","-","-","119.72","128.31"
"27","READY-MADE / FOR ADULTS","Polyester skirt","No ","-","-","-","-","-"
"28","READY-MADE / FOR ADULTS","Pants(for men)","No ","52.44","50.00","40.00","31.22","30.00"
"1","READY-MADE / FOR CHILDREN","Sweater (Local) for Boys","No ","-","-","-","-","-"
"2","READY-MADE / FOR CHILDREN","Socks (Imported) Cotton","Pair ","15.00","-","10.00","14.30","15.00"
"3","READY-MADE / FOR CHILDREN","Jeans Trouser","No ","-","-","250.00","-","283.06"
"4","READY-MADE / FOR CHILDREN","Shirt Long Sleeved(Imported)Boys","No ","-","-","-","130.38","136.58"
"5","READY-MADE / FOR CHILDREN","Sweater (England) for Girls","No ","-","-","-","199.75","-"
"6","READY-MADE / FOR CHILDREN","Kemise(for childeren) ","No ","-","-","-","329.60","439.92"
"7","READY-MADE / FOR CHILDREN","Baby Cloths(Complete)","No ","-","-","-","74.09","96.64"
"8","READY-MADE / FOR CHILDREN","T-Shirt","No ","-","-","-","94.05","112.92"
"9","READY-MADE / FOR CHILDREN","Jeans trouser and Jacket","No ","-","-","-","333.10","-"
"10","FOOTWEAR (MEN AND WOMEN)","Anbessa Leather Shoes Men(Local)Pair ","Anbessa Leather Shoes Men(Local)Pair ","-","250.00","-","291.32","450.00"
"11","FOOTWEAR (MEN AND WOMEN)","Leather Shoes Men (Croft)","Pair ","-","-","-","-","-"
"12","FOOTWEAR (MEN AND WOMEN)","Walking Shoes(Imp",") Non-Leather Pair ","353.30","-","-","266.37","-"
"13","FOOTWEAR (MEN AND WOMEN)","Canvas Shoes (Local) Men","Pair ","-","-","-","-","-"
"14","FOOTWEAR (MEN AND WOMEN)","Canvas Shoes (China) Men","Pair ","120.00","-","-","144.91","-"
"15","FOOTWEAR (MEN AND WOMEN)","Plastic Shoes (Local) Women","Pair ","33.25","37.42","15.00","16.28","19.31"
"16","FOOTWEAR (MEN AND WOMEN)","Slippers Sponge Adult (China)","Pair ","35.00","40.00","35.00","27.46","30.00"
"17","FOOTWEAR (MEN AND WOMEN)","Boots for Men Plastic (Local)","Pair ","-","110.00","90.00","134.91","-"
"18","FOOTWEAR (MEN AND WOMEN)","Sendel Plastic Shoes (Imp","Pair ","40.00","42.43","35.00","32.09","43.27"
"19","FOOTWEAR (MEN AND WOMEN)","Cost of Mending Shoes sole(Men)","Pair ","45.00","-","-","65.14","45.00"
"20","FOOTWEAR (MEN AND WOMEN)","Shoe leather,Women(China)","Pair ","293.18","-","-","-","-"
"21","FOOTWEAR (MEN AND WOMEN)","Shoe leather,Women(Local)","Pair ","-","-","120.00","149.78","398.00"
"22","FOOTWEAR (MEN AND WOMEN)","Shoe leather,Children(Local)","Pair ","-","-","-","139.76","237.00"
"23","FOOTWEAR (MEN AND WOMEN)","Plastic shoe(Childern)","Pair ","28.23","-","13.00","13.16","20.00"
"24","FOOTWEAR (MEN AND WOMEN)","Shoe leather,Children(Imported)","Pair ","-","-","-","-","-"
"25","FOOTWEAR (MEN AND WOMEN)","Shoe sendel(Plastic) Childern","Pair ","-","-","-","23.44","-"
"1","CONSTRUCTION MATERIALS","Cement/Bag/(Local)","","185.00","-","175.00","95.49","85.00"
"2","CONSTRUCTION MATERIALS","Lime","","6.00","-","-","4.09","4.26"
"3","CONSTRUCTION MATERIALS","Lime/Jeso(Local)","","4.64","-","3.40","4.73","-"
"4","CONSTRUCTION MATERIALS","Nail (7cm - 12cm)","","35.33","40.00","40.00","34.66","35.00"
"5","CONSTRUCTION MATERIALS","Nail With Cape","","61.62","72.46","63.29","50.00","49.32"
"6","CONSTRUCTION MATERIALS","Corrugated Iron Sheet (","","-","-","127.67","120.00","115.00"
"7","CONSTRUCTION MATERIALS","Wood for House Construction('Atana').","","40.00","-","20.00","46.03","22.00"
"8","CONSTRUCTION MATERIALS","Wall Paints-Super (Fluid) Normal","","156.10","-","145.00","148.53","156.10"
"9","CONSTRUCTION MATERIALS","Wall Paints-Super (Fluid) Plastic","","236.62","-","248.32","248.91","246.62"
"10","CONSTRUCTION MATERIALS","Coarse Aggregate Gravel","Meter ","-","-","-","320.00","-"
"11","CONSTRUCTION MATERIALS","Hollow Concrete Block(15x20x40 cm Cub","Hollow Concrete Block(15x20x40 cm Cub","10.00","-","-","7.39","5.00"
"12","CONSTRUCTION MATERIALS","Bricks (25cm x 12cm x 6cm)","","3.00","-","-","7.00","-"
"13","CONSTRUCTION MATERIALS","Floor Board 4m Length","","-","-","-","167.31","161.65"
"14","CONSTRUCTION MATERIALS","Iron Pipe 6mt","","-","-","-","-","-"
"15","CONSTRUCTION MATERIALS","Chipwood (125cm x 250cm x 8mm)","","-","-","-","220.00","170.00"
"16","CONSTRUCTION MATERIALS","Sand","Meter ","175.00","-","-","140.00","-"
"17","CONSTRUCTION MATERIALS","Gutter Nº 33","M","-","-","-","73.19","-"
"18","CONSTRUCTION MATERIALS","Window Glass (50cm x 50cm x 3mm)","","-","-","-","49.49","52.50"
"19","CONSTRUCTION MATERIALS","Water Tanker,Roto (1 meter cube)","","-","-","-","3350.00","-"
"20","CONSTRUCTION MATERIALS","Stone for House Construction","Meter ","237.50","-","-","275.00","-"
"21","CONSTRUCTION MATERIALS","Mega Paints","","-","-","-","138.94","142.86"
"22","CONSTRUCTION MATERIALS","Nefas seleke Paints","","-","-","-","133.73","-"
"23","CONSTRUCTION MATERIALS","\"Yewellel Nitaf\"(Cement Made Tile)","","-","-","-","120.00","-"
"24","CONSTRUCTION MATERIALS","\"Yewellel Nitaf\"(Plastic Made Tile)","","-","-","-","-","-"
"25","CONSTRUCTION MATERIALS","Key (With hand)","","250.00","-","-","236.33","236.62"
"26","CONSTRUCTION MATERIALS","Door made of iron","","874.64","-","-","-","-"
"1","WATER","Water","Meter ","-","25.00","6.00","5.00","2.00"
"2","FUEL AND POWER","Fire Wood","Meter ","-","555.56","211.25","506.00","652.97"
"3","FUEL AND POWER","Charcoal","","4.35","5.75","-","6.59","7.60"
"4","FUEL AND POWER","Dung Cake","","-","-","-","-","-"
"5","FUEL AND POWER","Kerosine","","14.57","-","-","13.40","13.35"
"6","FUEL AND POWER","Diesel","","17.63","-","-","16.46","16.41"
"7","FUEL AND POWER","Electric","",".27",".27",".27",".27","270.00"
"8","FUEL AND POWER","Matches","","-","-","-","-","-"
"9","FUEL AND POWER","Candles","","-","-","-","-","-"
"10","FUEL AND POWER","Buthane Gas (Shell)","","-","-","-","661.46","625.00"
"11","FUEL AND POWER","Eveready Drycell","","6.00","5.66","5.50","-","5.00"
"12","CHAIRS, TABLES, ETC.","Table Wanza (Machine made) Varnished.","","1232.45","-","974.68","1062.66","-"
"13","CHAIRS, TABLES, ETC.","Table Wanza (Hand made) Not Varnished","Table Wanza (Hand made) Not Varnished","-","-","-","-","-"
"14","CHAIRS, TABLES, ETC.","Chairs Wanza (Machine Made) Varnished","Chairs Wanza (Machine Made) Varnished","450.00","-","300.00","486.33","743.64"
"15","CHAIRS, TABLES, ETC.","Chairs Wanza (Hand Made) Varnished","","-","-","240.00","-","-"
"16","CHAIRS, TABLES, ETC.","Cupboard Wanza (2 doors) Varnished","","8163.31","-","5399.07","3380.29","4466.42"
"17","CHAIRS, TABLES, ETC.","Double Bed Wanza (120cm) Varnished","","4500.00","-","3432.02","3218.40","3825.86"
"18","CHAIRS, TABLES, ETC.","Sofas (Complete)","","15000.00","-","13000.00","12463.16","-"
"19","CHAIRS, TABLES, ETC.","Book Shelves Wanza (3 Shelves) no Doo","Book Shelves Wanza (3 Shelves) no Doo","1632.66","-","1249.00","1394.19","1665.99"
"20","CHAIRS, TABLES, ETC.","Chest of Drawer ","","4000.00","-","3500.00","2642.14","3397.00"
"1","Bed Sheet (Non-Patterned Bahir Dar)","1","Pa","-","-","-","214.94","-"
"2","Bed Sheet(Patterned Kombolcha)","1","Pa","523.31","-","-","343.20","-"
"3","Bed Sheet(Patterned Kombolcha)","Bed Cover(Patterned Kombolcha)","","-","-","-","-","-"
"4","Bed Sheet(Patterned Kombolcha)","Blanket Woolen(Debre B",")160cm x 220cm","-","-","350.00","234.95","-"
"5","Bed Sheet(Patterned Kombolcha)","Mattress-Sponge (A","","1200.00","-","966.38","939.53","976.66"
"6","Bed Sheet(Patterned Kombolcha)","Towel-Local (Kombolcha)","","-","-","76.63","-","-"
"7","Bed Sheet(Patterned Kombolcha)","Curtains","m","119.93","-","-","81.63","-"
"8","EARTHEN WARE","Plastic tile","m","66.63","60.00","55.00","81.63","73.29"
"9","EARTHEN WARE","Water Pot","","74.89","-","40.00","-","-"
"10","EARTHEN WARE","'Jebena' Medium Size","","-","-","20.00","27.89","25.00"
"11","EARTHEN WARE","'Mitad' (Griddle of Clay)","","43.27","60.00","80.00","71.63","77.46"
"12","EARTHEN WARE","Local Stove '(Lakech)'","","-","-","-","62.45","98.30"
"13","EARTHEN WARE","Cup for Coffee (China)","","7.00","8.00","5.00","6.24","6.00"
"14","EARTHEN WARE","Plate Clay (imported)","","-","-","-","-","-"
"15","STRAW, BAMBOO AND OTHERS","'Sefed'","","38.26","-","35.00","34.32","35.00"
"16","STRAW, BAMBOO AND OTHERS","Sack 100Kg Capacity","","10.00","10.95","8.00","8.32","6.00"
"17","METAL WARE","Cooking Pan Medium (Local)","","193.10","-","65.00","54.06","76.63"
"18","METAL WARE","Tray (Nickel) Medium Nº 45 Local","","56.62","-","-","42.28","43.27"
"19","METAL WARE","Electric 'Mitad' Aluminium","","-","-","-","1320.77","1200.00"
"1","P R I C E   I N    B I R R","Gas Stove (Kerosine) China","","160.00","-","-","158.32","158.32"
"2","P R I C E   I N    B I R R","Permuze(Japan)","","-","-","-","-","-"
"3","P R I C E   I N    B I R R","Refregrator","","-","-","-","8700.00","-"
"4","PLASTIC WARE (LOCAL MADE)","Jerrycan (20 Litres)","","-","-","-","-","-"
"5","PLASTIC WARE (LOCAL MADE)","Bucket (20 Litres)","","45.00","50.00","45.00","45.45","40.00"
"6","GLASS WARE","Glass for Tea (Duralex)","","-","-","6.00","7.83","8.00"
"7","OTHER HOUSEHOLD EQUIPMENT","Kerosine Lamp","","-","-","-","-","-"
"8","OTHER HOUSEHOLD EQUIPMENT","'Kuraz' Small Local Kerosine Lamp","","-","-","-","3.74","5.00"
"9","OTHER HOUSEHOLD EQUIPMENT","Flash Light","","-","-","-","22.25","21.31"
"10","OTHER HOUSEHOLD EQUIPMENT","Electric Bulb Philips(40/60 Watt)","","15.00","15.33","15.00","10.80","12.66"
"11","HOUSEHOLD OPERATION","Hard Soap (Local)","2","8.00","-","-","-","-"
"12","HOUSEHOLD OPERATION","Hard Soap (Imported)","2","9.60","10.63","10.00","-","-"
"13","HOUSEHOLD OPERATION","Detergent (Omo)","","5.00","-","-","4.78","2.93"
"14","HOUSEHOLD OPERATION","Incense","","100.00","-","-","68.29","80.00"
"15","HOUSEHOLD OPERATION","Sandal Wood","",".50",".50",".50",".50",".50"
"16","HOUSEHOLD OPERATION","Toilet Paper (Mamko)","","10.00","10.00","10.00","7.63","9.00"
"17","HOUSEHOLD OPERATION","Detergent(Zahira)","","2.50","2.50","2.50","2.00","2.34"
"1","DRY CLEANING","Dry Cleaning (Suit Men)","","-","-","-","30.00","50.00"
"2","DOMESTIC SERVICE","Maid Servant","M","382.59","346.41","246.62","331.33","400.00"
"3","DOMESTIC SERVICE","Unskilled Service (Daily Laborer)","","50.00","37.42","41.60","57.93","60.00"
"4","DOMESTIC SERVICE","Salary for Guard ","M","416.02","400.00","-","-","-"
"5","MEDICAL CARE","Ampicillin(250 mg) Local","56 C","26.60","28.00","-","28.00","40.98"
"6","MEDICAL CARE","Tetracycline (250 mg) Local","56 C","24.00","28.00","22.00","17.59","22.40"
"7","MEDICAL CARE","Penicillin injection(4 Mu","But","10.00","13.96","6.00","7.71","9.28"
"8","MEDICAL CARE","Chloramphenicol(250mg) Local","56 C","24.40","28.00","22.40","36.29","22.40"
"9","MEDICAL CARE","Paracitamole(500mg) Local","20 P","4.58","4.90","4.00","3.53","4.00"
"10","MEDICAL CARE","Cough Syrup (Efadykse) Local","125c","20.00","27.39","-","20.99","20.66"
"11","MEDICAL CARE","Bactrim(480mg) Local","30 P","15.00","15.00","-","9.16","9.00"
"12","MEDICAL CARE","Vermox(100mg) Local","12 P","5.31","-","4.00","3.46","3.63"
"13","MEDICAL CARE","Mezel(250mg) Local","30 C","13.92","15.00","-","9.44","12.00"
"14","MEDICAL CARE","Asprin (300 mg) Local","20 P","5.24","10.00","4.00","4.00","2.62"
"15","MEDICAL CARE","Insulin(Lente)","Butt","-","-","-","102.00","75.66"
"16","MEDICAL CARE","Amoxacillin(500mg)","16 C","18.39","18.00","16.00","15.86","16.00"
"17","MEDICAL CARE","Magnesium Oxide","30 P","9.00","9.00","-","4.33","6.00"
"18","MEDICAL CARE","Fasider Tablet","1 P","-","-","-","-","-"
"19","OTHER MEDICAL EXPENSES","Doctor's Fee (Government)","per v","10.00","-","5.00","6.84","5.00"
"20","OTHER MEDICAL EXPENSES","Doctor's Fee (Private)","per v","6.26","-","-","33.25","30.00"
"21","OTHER MEDICAL EXPENSES","Injection (Service Charge)","","2.00","1.41","2.00","2.54","2.00"
"1","P R I C E   I N    B I R R","Labratory Test Fee (Private)","","10.00","-","7.00","15.00","18.17"
"2","P R I C E   I N    B I R R","Bed Charge (gov","per","10.00","-","-","8.96","20.00"
"3","P R I C E   I N    B I R R","X-Ray(For TB)","","-","-","-","92.47","80.00"
"4","P R I C E   I N    B I R R","Bed Charge (Private)","per","-","-","-","123.29","121.64"
"5","TRANSPORT","Benzene","","19.93","-","-","18.76","18.71"
"6","TRANSPORT","Motor Oil (Mobil)","","81.50","-","-","84.31","95.00"
"7","TRANSPORT","Car Washing and Greasing","","100.00","-","-","70.32","70.00"
"8","TRANSPORT","Bus Fare (per km)","T",".30","-","-",".28",".26"
"9","TRANSPORT","Bus Fare (within Town) ","","-","-","-","1.00","2.00"
"10","TRANSPORT","Taxi Fare ","","-","-","-","2.41","2.00"
"11","TRANSPORT","Air Plane (To Addis Ababa) ","","1319.00","-","-","-","1070.00"
"12","TRANSPORT","Animal Transport fare","","-","-","-","-","-"
"13","TRANSPORT","Cart Fare","","-","-","-","-","1.00"
"14","COMMUNICATION","Telephone Charge (with town)","Pe","-","-",".20",".20",".20"
"15","COMMUNICATION","Telephone Charge to Addia Ababa","Pe","-","-","1.40","1.58","3.60"
"16","COMMUNICATION","Telephone Line Installation Charge","","-","-","283.30","283.30","283.30"
"17","COMMUNICATION","Mobile Apparatus(Nokia6200)","","-","-","-","-","-"
"18","COMMUNICATION","Mobile call from Tel","Pe","-","-",".85","2.16","2.02"
"19","COMMUNICATION","Internet Service","10hrs/m","-","-","-","83.00","109.00"
"1","EQUIPMENT AND ACCESSORIES","T","","5000.00","-","-","4443.14","-"
"2","EQUIPMENT AND ACCESSORIES","Cassette Recorded Original(Local Musi","Cassette Recorded Original(Local Musi","13.00","-","15.00","15.00","12.00"
"3","EQUIPMENT AND ACCESSORIES","Radio Set Philips 3 Band","","600.00","-","-","-","-"
"4","EQUIPMENT AND ACCESSORIES","Tape Recorder National (2 Speaker)","","-","-","-","-","-"
"5","EQUIPMENT AND ACCESSORIES","Expense for Photograph(Passport size)","Expense for Photograph(Passport size)","10.00","10.00","10.00","11.29","10.00"
"6","EQUIPMENT AND ACCESSORIES","Newspaper (Addis Zemen)","","3.00","-","-","-","-"
"7","EQUIPMENT AND ACCESSORIES","Theater Enterance Fee ","","-","-","-","-","-"
"8","EQUIPMENT AND ACCESSORIES","VCD-Player(Mayato Japan)","","1100.00","-","-","-","-"
"9","EQUIPMENT AND ACCESSORIES","VCD Cassette rent","","5.00","5.00","5.00","4.06","2.00"
"10","EDUCATION","Exercise Book (50 Leaves) Local","","7.00","-","5.00","-","-"
"11","EDUCATION","Pencil (China)","","2.00","-","2.00","2.00","2.00"
"12","EDUCATION","Ball Point-Bic England","","3.83","-","4.00","3.66","3.00"
"13","EDUCATION","Day School Fee-Public(Grade 7 & 8)","M","-","-","-","-","-"
"14","EDUCATION","Day School Fee-Private(Grade 9-10)","M","-","-","-","278.92","-"
"15","EDUCATION","Night School Fee-Government(Gr","9-10)M","82.92","70.00","-","75.00","-"
"16","EDUCATION","School Uniform Fee ","","-","-","-","278.32","128.31"
"17","EDUCATION","Night School Fee-Private(Grade9-10)","M","-","-","-","-","-"
"18","EDUCATION","Night College Fee-Private","Credi","-","-","-","97.00","-"
"19","PERSONAL CARE","GIV Toilet Soap","","8.61","9.00","7.88","9.36","8.44"
"20","PERSONAL CARE","Blade-INDIA","","1.82","2.00","2.00","1.50","1.00"
"1","P R I C E   I N    B I R R","Hair Dressing (Traditional)","","18.17","-","10.00","10.00","10.00"
"2","P R I C E   I N    B I R R","Hair Dressing (Modern)","","-","-","25.00","23.92","25.00"
"3","P R I C E   I N    B I R R","Barbery (Mens Hair Cut)","","12.93","10.00","10.00","10.63","10.00"
"4","P R I C E   I N    B I R R","Zenith Hair Oil(Liquids Form)","3","25.00","25.00","-","22.49","22.00"
"5","P R I C E   I N    B I R R","Zenith Hair Oil(Non-Liquids Form)","3","25.00","25.00","-","22.59","22.66"
"6","P R I C E   I N    B I R R","Shaving Machine (medium) ","","125.00","-","-","103.23","75.00"
"7","P R I C E   I N    B I R R","Perfume  ","1","60.00","-","-","40.90","50.00"
"8","P R I C E   I N    B I R R","Parafin Hair Oil","3","-","-","-","34.07","-"
"9","P R I C E   I N    B I R R","Shoe Polish(Black/Brown)","","3.63","3.00","5.00","3.00","2.00"
"10","P R I C E   I N    B I R R","Modes(Disposable napkins)","Pa","20.00","20.00","20.00","16.39","15.00"
"11","PERSONAL EFFECTS","Umbrella-Men Medium (Local)","","100.00","-","90.00","79.90","113.24"
"12","PERSONAL EFFECTS","Umbrella-Women Medium (Imported)","","138.31","-","120.00","94.91","130.00"
"13","PERSONAL EFFECTS","Hand Bag (Imported Synthetic)","","250.00","-","-","222.99","236.62"
"14","PERSONAL EFFECTS","Belt (Local) Machine Made","","68.29","-","71.63","94.91","116.57"
"15","PERSONAL EFFECTS","Belt (Local) Hand Made","","-","64.81","60.00","80.00","-"
"16","JEWELLERY","Seiko-21 Jewels Automatic (Men)","","-","-","-","-","-"
"17","JEWELLERY","Seiko-21 Jewels Automatic (Women)","","-","-","-","-","-"
"18","JEWELLERY","Earrings (4gm 18 carat Local)","","-","-","-","-","-"
"19","JEWELLERY","Neck Laces (6gm 18 carat Local)","","-","-","-","-","-"
"20","JEWELLERY","Rings (4gm 18 carat Local)","","-","-","-","-","-"
"21","JEWELLERY","Bracelet 20gm (18 carat Local)","","-","-","-","-","-"
"1","LIVESTOCK","Sheep (10-15Kg)","","996.66","-","469.93","2029.56","723.04"
"2","LIVESTOCK","Goat (10-15Kg)","","731.86","598.61","496.64","1415.31","835.49"
"3","LIVESTOCK","Heifer (2-4 Years)","","2798.81","-","2566.23","4089.64","-"
"4","LIVESTOCK","Cow (4 Years and Above)","","3417.10","-","4797.22","8143.25","-"
"5","LIVESTOCK","Bull (2-4 Years)","","3030.79","-","2398.61","5875.20","-"
"6","LIVESTOCK","Ox (4 Years and Above)","","5484.81","5327.42","5729.67","12198.10","-"
"7","LIVESTOCK","Hen (Indigenous)","","44.81","64.87","76.63","35.57","40.00"
"8","LIVESTOCK","Cock (Indigenous)","","91.46","103.23","113.24","67.33","60.00"
"9","DRAUGHT ANIMALS","Donkey","","-","-","-","1414.06","-"
"10","DRAUGHT ANIMALS","Horse","","-","-","-","-","-"
"11","DRAUGHT ANIMALS","Mule","","-","-","-","-","-"
"12","FARM EQUIPMENT (INDUSTRIAL PRODUCT)","Sickel","","29.72","-","35.00","38.26","38.26"
"13","FARM EQUIPMENT (INDUSTRIAL PRODUCT)","Pick Axe ('Doma')","","90.00","-","120.00","78.20","71.63"
"14","FARM EQUIPMENT (INDUSTRIAL PRODUCT)","'Gejera'","","100.00","-","140.00","82.46","81.63"
"15","FARM EQUIPMENT (HAND MADE)","'Mofer'","","-","-","-","-","-"
"16","FARM EQUIPMENT (HAND MADE)","'Kember'","","-","-","-","-","-"
"17","FARM EQUIPMENT (HAND MADE)","'Digr'","","-","-","-","109.54","-"
"18","FARM EQUIPMENT (HAND MADE)","Plough","","-","-","100.00","83.30","-"
"19","FARM EQUIPMENT (HAND MADE)","Sickel","","-","-","-","-","-"
