"Regions","CATEGORY","ITEM","UNIT","OROMIYA","OROMIYA","OROMIYA","OROMIYA","OROMIYA","OROMIYA","OROMIYA","OROMIYA","OROMIYA","OROMIYA","OROMIYA","OROMIYA"
"Markets","CATEGORY","ITEM","UNIT","Ghimbi","Dembi- dolo ","Shambu","Nekemte","Bedele","Metu","Jimma","Agaro","Ambo","Weliso","Ejere","Fiche"
"1","CEREALS UNMILLED","'Teff' White ","Kg ","15.66","17.00","-","16.00","-","-","16.95","-","14.29","14.03","15.92","13.86"
"2","CEREALS UNMILLED","'Teff' Mixed","Kg ","11.16","16.00","9.41","14.50","-","13.33","14.01","11.18","12.91","11.26","14.56","12.93"
"3","CEREALS UNMILLED","'Teff' Black (Red)","Kg ","9.83","14.00","8.18","11.00","11.90","9.83","13.02","10.19","13.04","10.30","12.99","12.07"
"4","CEREALS UNMILLED","Wheat White","Kg ","-","9.00","6.57","8.00","9.32","10.00","9.41","9.41","7.39","7.49","8.51","8.59"
"5","CEREALS UNMILLED","Wheat Mixed","Kg ","8.00","8.00","6.61","-","8.00","-","-","-","-","-","-","-"
"6","CEREALS UNMILLED","Wheat Black (Red)","Kg ","-","-","6.57","-","7.62","8.00","-","-","8.12","-","12.65","9.97"
"7","CEREALS UNMILLED","Barley White","Kg ","8.83","10.00","5.22","8.50","8.99","10.00","9.41","9.02","8.35","7.90","9.35","9.43"
"8","CEREALS UNMILLED","Barley Mixed","Kg ","7.00","9.00","5.23","6.41","7.97","8.32","8.13","8.24","6.67","6.77","-","8.05"
"9","CEREALS UNMILLED","Barley Black","Kg ","7.32","-","5.16","-","7.98","9.32","8.23","8.24","8.46","7.19","-","7.98"
"10","CEREALS UNMILLED","Barley for Beer","Kg ","-","-","-","-","-","-","-","-","-","-","-","-"
"11","CEREALS UNMILLED","Maize (White)","Kg ","5.50","5.00","5.72","5.50","4.90","5.16","6.37","5.84","7.15","6.35","6.71","6.12"
"12","CEREALS UNMILLED","Durrah","Kg ","6.69","6.00","-","8.39","-","4.83","7.00","-","-","7.40","10.16","8.27"
"13","CEREALS UNMILLED","Sorghum Yellow","Kg ","-","-","-","-","-","-","-","6.76","-","-","-","9.55"
"14","CEREALS UNMILLED","Sorghum White","Kg ","6.00","5.00","-","6.00","5.00","6.83","11.17","6.57","8.58","9.64","10.31","9.61"
"15","CEREALS UNMILLED","Sorghum Red","Kg ","-","5.00","-","6.00","4.00","-","7.00","6.57","6.75","8.33","10.17","8.47"
"16","CEREALS UNMILLED","African Millet","Kg ","7.00","8.00","-","7.93","7.00","7.00","8.23","-","8.28","-","-","-"
"17","CEREALS UNMILLED","Rice (Imported)","Kg ","18.00","17.00","16.00","16.00","16.66","17.33","16.00","16.00","15.98","15.33","18.00","16.00"
"18","CEREALS UNMILLED","Oats","Kg ","-","-","-","-","-","-","-","-","9.87","-","-","11.69"
"19","CEREALS UNMILLED","Hulled Barley","Kg ","-","-","-","-","-","-","-","-","8.52","11.62","10.59","9.72"
"20","CEREALS MILLED","'Teff' White","Kg ","-","-","-","-","-","-","-","-","-","-","-","-"
"21","CEREALS MILLED","'Teff' Mixed","Kg ","-","-","-","-","-","-","-","-","-","-","-","-"
"22","CEREALS MILLED","'Teff' Black (Red)","Kg ","-","-","-","-","-","-","-","-","-","-","-","19.91"
"23","CEREALS MILLED","Wheat White","Kg ","-","-","-","-","-","-","-","-","-","-","-","-"
"24","CEREALS MILLED","Wheat Mixed","Kg ","-","-","-","-","-","-","-","-","-","-","-","-"
"25","CEREALS MILLED","Barley White","Kg ","-","-","-","24.00","-","-","-","-","-","-","-","-"
"26","CEREALS MILLED","Barley Mixed","Kg ","18.00","25.00","-","20.00","-","-","-","-","-","-","-","-"
"1","P R I C E   I N    B I R R","Maize (White)","Kg ","-","-","-","4.97","8.58","7.00","8.57","8.00","-","6.93","-","-"
"2","P R I C E   I N    B I R R","Oats","Kg ","-","-","-","28.00","-","-","-","-","22.66","20.00","-","20.00"
"3","P R I C E   I N    B I R R","Sorghum","Kg ","-","-","-","-","-","-","-","-","-","-","-","14.77"
"4","P R I C E   I N    B I R R","Durrah","Kg ","-","-","-","-","-","-","-","-","-","-","-","-"
"5","P R I C E   I N    B I R R","'Furno Duket' Locally Processed","Kg ","11.66","12.00","13.00","12.00","12.66","12.00","11.66","11.00","10.66","12.00","12.00","11.00"
"6","PULSES UNMILLED","Horse Beans","Kg ","8.65","10.00","5.79","8.00","9.00","10.00","10.32","8.65","6.90","7.50","7.28","6.10"
"7","PULSES UNMILLED","Peas White","Kg ","-","14.00","-","-","9.32","-","-","-","8.25","7.98","-","10.46"
"8","PULSES UNMILLED","Peas Green(dry)","Kg ","10.00","-","8.21","11.00","9.00","10.00","10.32","9.00","7.89","9.13","8.96","9.50"
"9","PULSES UNMILLED","Peas Mixed","Kg ","10.00","12.00","8.38","-","9.00","-","10.32","9.00","-","-","-","8.98"
"10","PULSES UNMILLED","Soya Beans","Kg ","-","-","-","-","9.00","15.33","16.97","-","-","-","-","-"
"11","PULSES UNMILLED","Chick Peas","Kg ","13.66","12.00","14.00","11.00","13.66","12.32","12.00","11.66","10.03","9.43","9.85","9.58"
"12","PULSES UNMILLED","Lentils","Kg ","23.66","25.00","18.98","20.00","23.00","21.66","18.33","18.64","18.57","19.36","-","15.38"
"13","PULSES UNMILLED","Haricot Beans","Kg ","-","8.00","-","-","4.79","-","10.00","-","-","7.32","5.66","-"
"14","PULSES UNMILLED","Lima Beans","Kg ","-","-","-","-","-","-","-","-","-","-","-","-"
"15","PULSES UNMILLED","Vetch","Kg ","-","-","-","6.00","5.33","6.32","7.00","7.00","5.11","5.17","6.18","4.91"
"16","PULSES UNMILLED","Fenugreek(Green)","Kg ","19.31","20.00","27.59","16.94","13.00","14.33","14.98","13.30","16.87","15.00","17.00","13.73"
"17","PULSES MILLED OR SPLIT","Horse Beans Milled","Kg ","-","-","-","-","-","-","-","-","-","-","-","-"
"18","PULSES MILLED OR SPLIT","Peas Milled","Kg ","-","35.00","26.99","22.00","30.61","19.66","23.21","27.66","26.33","30.00","-","21.66"
"19","PULSES MILLED OR SPLIT","Chick Peas Milled","Kg ","-","-","-","-","-","-","-","-","-","-","-","-"
"20","PULSES MILLED OR SPLIT","Mixed Pulses Milled","Kg ","19.31","25.00","20.65","18.00","18.76","15.33","22.49","27.66","-","26.98","12.77","19.66"
"21","PULSES MILLED OR SPLIT","Vetch Milled","Kg ","-","-","-","18.00","-","14.33","-","24.00","18.98","20.00","-","-"
"22","PULSES MILLED OR SPLIT","Peas Split","Kg ","15.00","20.00","16.00","16.33","17.00","16.00","15.33","15.00","15.66","17.33","-","24.00"
"23","PULSES MILLED OR SPLIT","Peas Split(Roasted)","Kg ","20.00","-","-","18.00","18.49","14.66","16.33","-","20.00","17.49","20.00","-"
"24","PULSES MILLED OR SPLIT","Horse Beans Split(Roasted)","Kg ","-","-","-","-","-","-","14.49","-","18.00","-","-","-"
"25","PULSES MILLED OR SPLIT","Lentils Split","Kg ","23.66","28.00","24.00","24.66","29.32","24.00","23.66","22.00","22.65","24.66","27.00","24.65"
"1","P R I C E   I N    B I R R","Vetch Split(Roasted)","Kg ","-","-","-","-","-","-","10.66","-","18.00","-","-","-"
"2","P R I C E   I N    B I R R","Chick Peas Split(Roasted)","Kg ","-","-","-","-","-","-","-","-","-","-","-","-"
"3","P R I C E   I N    B I R R","Fenugreek Milled","Kg ","55.66","60.00","75.93","68.00","65.22","38.26","57.30","58.64","64.56","55.90","-","39.32"
"4","OIL SEEDS","Niger Seed","Kg ","-","22.00","13.67","-","10.50","15.30","14.66","12.00","13.24","17.03","15.59","20.53"
"5","OIL SEEDS","Linseed White","Kg ","-","-","-","-","-","-","-","-","-","-","11.32","18.06"
"6","OIL SEEDS","Linseed Red","Kg ","-","22.00","8.09","-","-","20.98","12.97","10.00","15.80","17.48","-","15.68"
"7","OIL SEEDS","Sesame Seed Red","Kg ","-","30.00","-","-","-","-","-","-","-","-","25.82","25.60"
"8","OIL SEEDS","Sunflower","Kg ","-","-","-","-","-","20.65","14.00","12.00","21.13","20.35","6.57","9.73"
"9","OIL SEEDS","Castor Beans","Kg ","-","5.48","-","-","-","-","-","-","-","-","-","-"
"10","OIL SEEDS","Rape Seed","Kg ","12.00","14.00","6.59","10.34","10.00","10.00","10.00","9.28","8.11","19.31","7.74","15.73"
"11","OIL SEEDS","Ground Nut Shelled","Kg ","15.33","16.00","23.31","18.00","20.00","15.66","30.98","22.00","23.33","31.46","-","25.00"
"12","PREPARED CEREAL PRODUCTS","Spaghetti (Local) Without Egg","Kg ","30.65","24.00","30.00","30.00","30.00","31.32","22.98","22.00","30.72","28.00","30.65","30.00"
"13","PREPARED CEREAL PRODUCTS","Pastini","Kg ","30.65","30.00","26.65","30.00","30.00","24.00","29.32","-","31.66","27.32","-","28.65"
"14","PREPARED CEREAL PRODUCTS","Macaroni (Local) Without Egg","Kg ","17.33","17.00","17.66","18.00","18.66","17.33","17.00","16.00","16.36","16.33","18.00","16.66"
"15","PREPARED CEREAL PRODUCTS","'Fafa' Flour","kg ","-","-","-","-","44.00","-","30.65","-","-","-","-","-"
"16","PREPARED CEREAL PRODUCTS","'Dube' Flour","kg ","-","-","-","-","20.00","-","-","-","-","-","-","-"
"17","BREAD AND OTHER PREPARED FOODS","'Enjera' ('Teff' Mixed)","325gm ","3.82","3.61","2.78","4.17","3.79","3.08","3.59","3.36","4.01","2.90","3.24","3.11"
"18","BREAD AND OTHER PREPARED FOODS","'Dabo' (Traditional Ambasha)","350gm ","-","-","-","-","-","-","-","-","-","3.57","-","3.69"
"19","BREAD AND OTHER PREPARED FOODS","'Dabo' (Traditional Sheleto)","350gm ","-","-","-","-","-","-","-","-","2.56","2.39","-","4.66"
"20","BREAD AND OTHER PREPARED FOODS","Bread Wheat (Bakery)","350gm ","5.83","3.23","4.24","4.67","3.50","4.13","3.33","4.38","4.29","4.20","4.67","5.05"
"21","BREAD AND OTHER PREPARED FOODS","Biscuits ","150gm ","4.29","4.29","4.29","4.29","4.62","6.00","4.29","4.29","6.70","6.00","4.29","5.00"
"1","MEAT","Beef ","Kg ","80.00","80.00","90.00","100.00","96.55","90.00","100.00","90.00","100.00","100.00","100.00","113.31"
"2","MEAT","Camel Meat ","Kg ","-","-","-","-","-","-","-","-","-","-","-","-"
"3","FISH AND FISH PRODUCTS","Fish Fresh","Kg ","-","-","-","-","-","-","-","-","-","-","-","-"
"4","FISH AND FISH PRODUCTS","Sardines (Imported)","125gm ","35.00","19.81","-","31.58","30.00","-","22.66","-","28.33","-","-","-"
"5","DIARY PRODUCTS AND EGG","Cow Milk (Unpasteurized)","Lt ","12.37","14.29","9.57","14.29","10.00","17.11","15.33","14.00","11.66","9.65","-","9.49"
"6","DIARY PRODUCTS AND EGG","Cow Milk (pasteurized)","Lt ","-","-","-","24.00","-","-","23.31","40.00","-","-","-","-"
"7","DIARY PRODUCTS AND EGG","Camel Milk","Lt ","-","-","-","-","-","-","-","-","-","-","-","-"
"8","DIARY PRODUCTS AND EGG","Goat Milk","Lt ","-","-","-","-","-","-","-","-","-","-","-","-"
"9","DIARY PRODUCTS AND EGG","Powdered Milk (Me&My)","450gm ","123.75","110.59","116.22","112.50","120.00","-","14.46","125.60","133.10","-","-","150.00"
"10","DIARY PRODUCTS AND EGG","Yoghurt (Traditional)","Lt ","-","29.52","-","40.00","26.00","18.57","22.58","13.57","16.00","12.48","-","-"
"11","DIARY PRODUCTS AND EGG","Cheese Cottage","Kg ","-","-","-","-","-","23.85","18.34","35.30","-","21.34","-","19.05"
"12","DIARY PRODUCTS AND EGG","Egg (Traditional)","Dozen ","24.00","36.00","18.00","30.00","24.00","27.00","24.00","30.00","27.97","24.00","24.00","27.00"
"13","OILS AND FATS","Butter Unrefined","Kg ","104.92","100.00","116.64","110.00","103.23","98.30","110.00","120.00","128.31","138.31","160.92","101.12"
"14","OILS AND FATS","Cooking Oil (Imported)","Lt ","30.00","25.00","30.00","28.88","29.33","30.22","28.11","27.56","28.33","26.67","28.33","25.00"
"15","OILS AND FATS","Cooking Oil (Local)","Lt ","-","-","-","33.00","-","-","35.00","32.00","33.65","36.50","32.00","44.66"
"16","OILS AND FATS","Vegetable Butter(Sheno & Shady)","Kg ","100.00","94.44","-","-","88.89","98.88","86.30","83.70","100.00","95.54","-","-"
"1","VEGETABLES (FRESH)","Ethiopian Kale","Kg ","1.39","1.52","1.21","1.13","-","-","2.24","2.95","-","2.44","4.80","5.05"
"2","VEGETABLES (FRESH)","Cabbage","Kg ","10.00","7.42","4.14","7.00","6.00","10.63","4.48","7.56","4.63","5.04","8.09","7.95"
"3","VEGETABLES (FRESH)","Lettuce","Kg ","-","-","-","-","-","-","10.17","-","-","13.07","-","-"
"4","VEGETABLES (FRESH)","Spinach","Kg ","-","4.43","2.53","-","-","-","3.34","-","-","2.54","4.51","5.47"
"5","VEGETABLES (FRESH)","Carrot","Kg ","10.00","11.46","6.20","14.00","13.47","9.65","10.32","10.00","12.89","6.50","-","6.00"
"6","VEGETABLES (FRESH)","Tomatoes","Kg ","-","-","13.00","20.00","-","-","25.00","25.32","28.33","20.00","15.00","19.66"
"7","VEGETABLES (FRESH)","Onions","Kg ","12.00","13.00","13.00","10.00","12.00","12.00","12.66","12.00","12.00","12.00","13.00","14.00"
"8","VEGETABLES (FRESH)","Garlics","Kg ","20.00","25.00","10.35","15.33","33.33","20.00","34.66","25.00","16.15","25.00","-","18.00"
"9","VEGETABLES (FRESH)","Leaks","Kg ","24.00","-","-","13.00","-","-","10.93","-","-","-","-","-"
"10","VEGETABLES (FRESH)","Pepper Green","Kg ","15.04","28.89","14.98","12.07","16.31","19.31","8.98","16.98","13.16","12.56","12.03","12.32"
"11","VEGETABLES (FRESH)","Pumpkin  ","Kg ","-","-","-","-","-","2.35","-","-","-","-","-","-"
"12","VEGETABLES (FRESH)","Green Peas","Kg ","25.00","-","-","-","-","-","24.31","19.31","20.00","20.32","-","11.49"
"13","VEGETABLES (FRESH)","Beet Root","Kg ","8.00","7.36","4.27","5.00","5.40","5.00","2.13","6.00","2.92","4.41","7.41","5.00"
"14","VEGETABLES (FRESH)","Cauliflower","Kg ","-","-","-","-","-","-","20.00","-","-","-","-","-"
"15","FRUITS FRESH","Banana","Kg ","-","-","20.00","14.00","9.31","2.56","12.00","14.00","12.00","11.66","10.00","12.00"
"16","FRUITS FRESH","Orange","Kg ","-","-","-","25.33","11.29","-","-","-","22.65","22.49","-","16.00"
"17","FRUITS FRESH","Lemon","Kg ","8.49","6.99","21.74","8.06","-","8.34","9.41","4.85","-","9.16","7.99","5.46"
"18","FRUITS FRESH","Tangerine","Kg ","-","-","-","-","-","-","25.00","-","-","-","-","-"
"19","FRUITS FRESH","Papaya","Kg ","-","-","-","12.00","4.87","-","7.00","-","-","5.50","-","8.34"
"20","FRUITS FRESH","Grapes","Kg ","-","-","-","-","-","-","-","-","-","-","-","-"
"21","FRUITS FRESH","Avocado","Kg ","6.11","6.53","-","12.00","7.90","7.70","11.49","8.00","18.98","-","-","-"
"22","FRUITS FRESH","Mango","Kg ","-","6.01","-","20.00","5.15","5.51","10.00","8.00","15.66","-","-","10.57"
"23","FRUITS FRESH","Cactus","Kg ","-","-","-","-","-","-","-","-","-","-","-","-"
"1","SPICES","Pepper Whole","Kg ","-","18.00","23.00","25.00","26.00","22.99","39.32","30.00","28.00","32.33","30.00","34.32"
"2","SPICES","Black Pepper(Local)","Kg ","200.00","250.00","-","204.94","210.00","223.61","204.94","203.28","205.62","193.10","-","181.56"
"3","SPICES","Long Pepper(Local)","Kg ","60.00","60.00","80.00","72.46","70.99","-","47.43","-","66.63","43.09","-","67.45"
"4","SPICES","White Cumin(Bishop's Weed)Local","Kg ","33.97","50.00","31.58","-","40.00","27.39","24.66","27.32","25.77","23.21","38.26","24.27"
"5","SPICES","Black Cumin(Local)","Kg ","35.00","60.00","31.58","28.98","36.59","30.00","40.00","30.65","32.81","30.00","35.00","29.32"
"6","SPICES","Ginger Dry(Local)","Kg ","-","-","-","-","-","-","-","-","37.15","34.76","-","26.00"
"7","SPICES","Ginger Wet(Local)","Kg ","10.00","10.00","10.00","10.00","12.20","5.00","5.59","9.28","7.32","10.00","7.00","7.23"
"8","SPICES","Cloves(Imported)","Kg ","296.63","420.00","383.13","289.83","315.00","329.85","300.00","286.63","306.41","293.18","-","284.91"
"9","SPICES","Cinnamon(Imported)","Kg ","68.04","-","74.89","63.48","70.00","74.83","65.00","64.00","67.11","70.00","68.00","67.97"
"10","SPICES","Cardamon(Local)","Kg ","106.27","120.00","109.70","117.47","34.79","80.00","100.00","120.00","103.31","120.00","120.00","112.55"
"11","SPICES","Tumeric Flour(Local)","Kg ","14.98","15.00","-","10.00","10.00","10.63","7.65","8.00","16.51","12.16","-","12.16"
"12","SPICES","Chillies Whole","Kg ","28.62","40.00","-","24.82","27.00","23.33","32.50","36.00","43.09","40.00","-","35.89"
"13","SPICES","Basil Dry","Kg ","30.00","35.00","-","35.00","40.00","20.65","60.99","22.00","27.95","30.00","-","-"
"14","POTATOES, OTHER TUBERS AND STEMS","Potato","Kg ","5.00","6.32","2.96","3.00","3.99","4.00","5.00","4.64","2.22","4.59","6.00","5.00"
"15","POTATOES, OTHER TUBERS AND STEMS","Sweet Potato","Kg ","-","-","-","-","-","-","2.11","-","2.83","3.50","-","6.00"
"16","POTATOES, OTHER TUBERS AND STEMS","'Kocho' (Unprocessed)","Kg ","-","-","-","-","-","-","-","-","6.60","5.56","-","-"
"17","POTATOES, OTHER TUBERS AND STEMS","'Bula'","Kg ","-","-","-","-","-","10.91","5.77","14.64","26.48","13.06","-","-"
"18","POTATOES, OTHER TUBERS AND STEMS","Tea Leaves(Local)","100gm ","10.82","11.25","12.50","11.65","9.32","10.00","9.32","8.00","12.16","9.65","13.28","8.83"
"19","POTATOES, OTHER TUBERS AND STEMS","Coffee Whole","Kg ","20.00","16.16","-","27.69","23.31","-","-","20.00","-","23.38","-","-"
"20","POTATOES, OTHER TUBERS AND STEMS","Coffee Beans","Kg ","49.32","50.00","62.63","52.00","56.62","44.66","48.66","45.00","61.43","63.98","80.00","84.58"
"21","POTATOES, OTHER TUBERS AND STEMS","Coffee Leaves","Kg ","-","-","-","-","-","-","-","-","-","-","-","-"
"22","POTATOES, OTHER TUBERS AND STEMS","Buck Thorn Leaves","Kg ","-","-","17.45","-","11.54","15.42","-","45.58","25.09","12.02","45.30","25.09"
"23","POTATOES, OTHER TUBERS AND STEMS","'Chat'","Kg ","-","64.77","26.31","15.63","25.82","39.22","31.60","56.70","77.38","12.32","-","-"
"1","P R I C E   I N    B I R R","Malt-Barley","Kg ","-","-","-","9.50","9.89","-","-","10.80","-","12.95","-","12.08"
"2","P R I C E   I N    B I R R","Malt-Wheat","Kg ","-","-","-","-","-","-","-","9.44","13.46","11.55","17.67","13.35"
"3","OTHER FOOD ITEMS","Salt","Kg ","5.00","5.00","5.00","5.00","5.00","5.00","4.66","5.00","5.00","4.50","5.00","4.83"
"4","OTHER FOOD ITEMS","Sugar","Kg ","23.66","16.00","-","-","24.00","23.66","21.31","20.00","15.50","15.00","-","16.00"
"5","OTHER FOOD ITEMS","Honey","Kg ","-","50.00","-","65.00","56.62","59.86","60.00","65.00","68.29","-","60.00","64.81"
"6","OTHER FOOD ITEMS","Canned Tomato (Local)","410gm ","23.00","29.32","-","25.33","40.00","23.66","22.33","25.66","23.33","-","-","-"
"7","OTHER FOOD ITEMS","Dry Yeast(Baking powder)","350gm ","70.00","140.00","82.34","105.00","105.00","52.50","98.81","105.00","61.11","92.98","105.00","87.50"
"8","FOOD TAKEN AWAY FROM HOME","Cup of Tea","No ","2.82","2.00","1.00","2.00","2.00","2.00","2.82","2.00","2.00","1.65","1.00","2.00"
"9","FOOD TAKEN AWAY FROM HOME","Cup of Coffee","No ","3.94","3.00","3.00","3.00","4.00","3.00","3.83","4.00","4.00","3.63","3.00","4.31"
"10","FOOD TAKEN AWAY FROM HOME","Cup of Milk","No ","4.95","5.00","3.00","6.00","5.00","4.64","6.00","4.00","4.53","4.64","-","5.00"
"11","FOOD TAKEN AWAY FROM HOME","'Key Wot Yebere'","One Meal ","25.00","-","20.00","-","25.00","17.77","27.33","26.57","26.21","-","-","-"
"12","FOOD TAKEN AWAY FROM HOME","'Key Wot Yebeg/Yefyel'","One Meal ","27.59","20.00","23.65","29.32","25.00","17.77","25.66","26.57","27.98","25.00","21.54","25.00"
"13","FOOD TAKEN AWAY FROM HOME","'Yebeg Tibs'","One Meal ","32.60","30.00","30.00","35.00","30.00","28.23","30.00","27.26","35.59","41.60","30.00","35.00"
"14","FOOD TAKEN AWAY FROM HOME","'Fasting Meal Without fish","One Meal ","20.00","15.00","11.29","17.31","14.30","13.30","20.80","12.00","20.65","20.80","15.00","18.00"
"15","FOOD TAKEN AWAY FROM HOME","'Yebeg Kikil'","One Meal ","30.00","31.58","22.96","29.32","28.23","21.54","29.32","25.00","28.85","33.02","21.54","26.57"
"16","COST OF MILLING","Cereals","100Kg ","25.00","40.00","30.00","40.00","35.00","26.57","23.00","24.00","30.00","26.57","20.00","30.00"
"17","COST OF MILLING","Pulses","100Kg ","50.00","40.00","50.00","40.00","35.00","64.63","23.00","20.00","40.00","26.57","20.00","34.66"
"18","COST OF MILLING","Pepper Whole","100Kg ","200.00","200.00","100.00","200.00","150.00","100.00","200.00","150.00","200.00","181.71","200.00","200.00"
"1","BEVERAGES - NON ALCOHOLIC","Ambo Mineral Water","500cc ","8.42","8.42","7.37","8.42","6.00","9.00","7.65","8.00","6.32","7.00","7.00","7.00"
"2","BEVERAGES - NON ALCOHOLIC","Mineral Water","Lt ","10.00","10.00","10.00","9.00","10.00","10.00","10.49","9.00","9.39","9.32","10.00","10.00"
"3","BEVERAGES - NON ALCOHOLIC","Coca Cola/Fanta","300cc ","8.00","9.00","7.00","8.00","8.32","9.00","7.65","8.00","7.00","7.00","7.00","7.00"
"4","BEVERAGES - NON ALCOHOLIC","Pepsi Cola/Mirinda","300cc ","8.00","9.00","7.00","8.00","8.32","9.65","7.65","8.00","7.00","7.00","7.00","7.00"
"5","BEVERAGES - ALCOHOLIC","Araki (Local)","900cc ","70.00","85.00","73.29","85.00","114.98","99.67","142.00","-","75.00","-","65.45","73.29"
"6","BEVERAGES - ALCOHOLIC","Cognac (Local)","900cc ","-","-","-","85.00","114.47","-","142.00","-","75.00","-","-","73.29"
"7","BEVERAGES - ALCOHOLIC","Brandy (Local)","900cc ","-","-","73.29","-","131.62","-","142.00","-","75.00","-","-","73.29"
"8","BEVERAGES - ALCOHOLIC","Gin (Local)","900cc ","70.00","85.00","73.29","85.00","122.18","109.70","142.00","-","75.00","-","65.45","73.29"
"9","BEVERAGES - ALCOHOLIC","Saris Wine (Normal)","750cc ","54.85","60.00","48.27","40.00","59.86","51.61","11.72","45.00","48.73","50.00","40.00","44.44"
"10","BEVERAGES - ALCOHOLIC","'Katikalla'","Lt ","20.00","38.89","30.00","25.00","30.30","26.99","48.48","31.83","30.65","33.32","33.33","35.97"
"11","BEVERAGES - ALCOHOLIC","Beer (Bedele)","330cc ","10.00","11.00","10.32","11.66","10.00","-","11.66","11.00","11.00","11.32","-","12.66"
"12","BEVERAGES - ALCOHOLIC","Beer (Harar)","330cc ","10.00","-","-","-","-","-","11.66","-","-","11.32","-","12.66"
"13","BEVERAGES - ALCOHOLIC","Beer (Meta Abo)","330cc ","11.32","11.00","10.32","11.66","-","-","12.00","-","11.82","11.32","12.00","11.32"
"14","BEVERAGES - ALCOHOLIC","'Tella'","Lt ","3.00","4.44","2.86","3.00","1.88","-","2.38","2.41","3.16","3.15","4.69","5.43"
"15","BEVERAGES - ALCOHOLIC","'Tej' (Mead)","Lt ","7.00","8.89","6.00","10.00","7.69","8.00","10.00","8.42","7.69","7.69","6.93","9.62"
"16","CIGARETTES","Nyala","Packet ","10.00","10.00","10.00","10.00","10.63","10.00","10.00","10.00","10.00","10.00","12.00","10.00"
"17","CIGARETTES","Gissila","Packet ","-","-","-","-","4.58","3.48","-","2.50","4.93","-","-","-"
"18","CIGARETTES","Rothmans/England/","Packet ","40.00","30.00","28.23","35.00","30.00","30.00","20.00","40.00","38.26","-","-","-"
"19","CIGARETTES","Marlboro","Packet ","-","-","-","35.00","-","-","20.00","-","-","-","-","-"
"1","TOBACCO","'Gaya'","Kg ","-","8.92","-","60.00","40.00","-","-","-","-","-","-","11.45"
"2","CLOTHING","Abujedid(Akaki/Bahir Dar)91cm","Meter ","-","20.00","-","-","-","-","-","-","-","-","-","-"
"3","CLOTHING","Abujedid(Komb",")150cm Meter ","29.32","40.00","38.26","29.32","33.25","39.32","26.33","28.65","29.66","29.32","-","29.32"
"4","CLOTHING","Khaki(S-10,000 Twil)150cm","Meter ","70.00","-","-","-","-","-","-","-","-","-","-","-"
"5","CLOTHING","Khaki(Akaki)","Meter ","-","-","-","-","-","-","-","-","-","-","-","-"
"6","CLOTHING","Wool-England 100%","Meter ","-","-","-","-","-","-","-","-","-","-","-","-"
"7","CLOTHING","Tetron(A","Meter ","-","-","80.00","-","-","-","-","-","-","-","-","-"
"8","CLOTHING","Poplin(Dire Dawa)105cm","Meter ","-","28.00","-","-","-","-","-","-","-","-","-","-"
"9","CLOTHING","Poplin(Komb","Meter ","50.00","-","46.61","43.98","46.42","54.77","48.66","40.00","47.66","-","-","48.27"
"10","CLOTHING","Nylon(Mojo)","Meter ","35.00","30.00","-","25.00","-","-","-","-","29.66","-","-","-"
"11","CLOTHING","Polyster(Arba Minch/Awasa)","Meter ","-","-","-","-","-","-","-","-","-","-","-","-"
"12","CLOTHING","Jersi","Meter ","63.29","-","60.00","-","56.62","84.85","-","60.00","57.30","73.99","-","65.98"
"13","CLOTHING","Cotton","Kg ","-","-","-","25.00","-","-","-","-","-","-","-","38.26"
"14","CLOTHING","Hisufi ","Meter ","-","-","113.24","-","-","204.94","-","-","-","-","-","-"
"15","CLOTHING","Kefai","Meter ","-","-","-","-","-","-","-","-","-","-","-","-"
"16","CLOTHING","Kashemire","Meter ","60.00","60.00","-","60.00","-","-","50.00","-","-","-","-","-"
"17","CLOTHING","Deriya","Meter ","36.67","57.76","-","40.55","-","40.00","-","-","30.22","-","-","-"
"18","COST OF TAILORING","Woolen Suit (Men)","No ","500.00","500.00","-","600.00","664.94","726.37","700.00","800.00","600.00","447.21","-","574.46"
"19","COST OF TAILORING","Khaki/Teteron Suit (Men)","No ","265.66","-","-","-","382.59","500.00","-","315.82","253.03","300.00","-","250.00"
"20","COST OF TAILORING","Khaki/Teteron Suit (Boys)","No ","265.66","-","-","-","269.88","-","366.55","150.00","176.60","173.21","-","150.00"
"1","READY-MADE / FOR ADULTS","'Netela'","No ","-","-","-","144.82","-","-","209.84","-","180.00","-","-","193.23"
"2","READY-MADE / FOR ADULTS","'Gabi'","No ","-","-","406.56","289.65","-","359.91","484.97","321.66","446.64","-","-","412.52"
"3","READY-MADE / FOR ADULTS","Shirts Long Sleeved (Local)","No ","-","-","-","-","126.58","-","-","-","-","-","239.79","-"
"4","READY-MADE / FOR ADULTS","Shirts Long Sleeved (Imported)","No ","193.10","176.60","206.46","246.62","220.00","249.87","276.63","196.61","236.62","216.47","-","216.34"
"5","READY-MADE / FOR ADULTS","Shirts Short Sleeved (Imported)","No ","-","180.00","159.79","200.00","216.61","259.87","233.29","178.32","219.85","-","-","195.09"
"6","READY-MADE / FOR ADULTS","Socks (Cotton) Imported","Pair ","19.31","35.00","21.54","25.00","25.00","22.57","19.66","25.00","24.66","20.95","20.00","19.31"
"7","READY-MADE / FOR ADULTS","Sweater (Local) Men","No ","-","156.59","-","-","151.65","-","194.94","-","-","-","-","324.04"
"8","READY-MADE / FOR ADULTS","Sweater (Local) Women","No ","-","-","-","-","173.07","-","104.92","-","-","-","-","197.48"
"9","READY-MADE / FOR ADULTS","Shash (Imported)","No ","-","-","-","-","-","37.42","-","-","28.65","20.65","40.00","-"
"10","READY-MADE / FOR ADULTS","Singlets (Local) White","No ","-","-","-","-","38.26","-","40.00","-","49.32","-","-","40.90"
"11","READY-MADE / FOR ADULTS","Jeans Trouser","No ","470.00","450.00","424.26","450.00","400.00","399.92","491.66","450.00","433.31","399.67","-","374.44"
"12","READY-MADE / FOR ADULTS","Woolen Suit","No ","-","-","-","-","-","-","-","-","-","-","-","-"
"13","READY-MADE / FOR ADULTS","'Kemisna Netela'","No ","350.00","300.00","422.84","393.22","439.92","449.89","460.00","353.30","-","524.40","-","-"
"14","READY-MADE / FOR ADULTS","Sweater-Men (Imported)","No ","-","350.00","482.74","400.00","323.30","229.85","344.98","-","-","-","-","462.96"
"15","READY-MADE / FOR ADULTS","Sweater-Women (Imported)","No ","-","250.00","243.15","250.00","276.63","259.87","253.29","-","-","-","-","288.03"
"16","READY-MADE / FOR ADULTS","Nylon Dress","No ","-","-","-","-","-","-","-","-","-","-","-","-"
"17","READY-MADE / FOR ADULTS","Tetron Trouser","No ","-","-","-","-","189.74","-","-","-","-","-","-","-"
"18","READY-MADE / FOR ADULTS","Leather Jacket","No ","-","1576.53","1549.19","1600.00","-","-","-","-","-","-","-","-"
"19","READY-MADE / FOR ADULTS","Under Wear China","No ","46.61","-","-","50.00","-","48.27","47.29","50.00","-","-","-","73.29"
"20","READY-MADE / FOR ADULTS","Polyester Suit","No ","-","-","-","-","-","-","-","-","-","-","-","-"
"21","READY-MADE / FOR ADULTS","Khaki Short ","No ","-","-","-","-","-","-","-","-","-","-","-","-"
"22","READY-MADE / FOR ADULTS","T-Shirts ","No ","132.76","156.59","132.76","154.84","121.64","266.14","157.48","141.65","223.28","134.82","123.24","138.08"
"23","READY-MADE / FOR ADULTS","Jogging Suit(sport tuta) ","No ","-","432.67","293.18","350.00","350.00","349.90","309.84","-","-","-","-","404.23"
"24","READY-MADE / FOR ADULTS","Khaki Jacket ","No ","-","600.00","466.08","-","-","416.48","407.49","491.59","536.65","494.37","439.77","514.78"
"25","READY-MADE / FOR ADULTS","Geldem ","No ","-","-","66.63","-","106.56","114.93","-","76.63","-","-","-","-"
"26","READY-MADE / FOR ADULTS","Mekremia","No ","193.10","-","182.92","200.00","-","-","150.00","200.00","103.23","-","-","-"
"27","READY-MADE / FOR ADULTS","Polyester skirt","No ","-","-","315.82","258.26","-","-","-","-","-","-","-","-"
"28","READY-MADE / FOR ADULTS","Pants(for men)","No ","30.00","30.00","50.00","50.00","36.59","28.23","27.66","38.26","-","41.60","30.00","34.17"
"Regions","CATEGORY","ITEM","UNIT","OROMIYA","OROMIYA","OROMIYA","OROMIYA","OROMIYA","OROMIYA","OROMIYA","OROMIYA","OROMIYA","OROMIYA","OROMIYA","OROMIYA"
"Markets","CATEGORY","ITEM","UNIT","Ghimbi","Dembi- dolo ","Shambu","Nekemte","Bedele","Metu","Jimma","Agaro","Ambo","Weliso","Ejere","Fiche"
"1","CONSTRUCTION MATERIALS","Cement/Bag/(Local)","","148.31","200.00","136.66","135.00","135.00","161.72","138.31","140.00","124.67","129.33","120.00","115.15"
"2","CONSTRUCTION MATERIALS","Lime","","4.30","5.20","4.26","2.08","-","-","2.77","-","-","-","-","-"
"3","CONSTRUCTION MATERIALS","Lime/Jeso(Local)","","2.38","4.00","2.10","-","2.31","4.24","1.15","1.38","2.55","1.77","2.60","1.00"
"4","CONSTRUCTION MATERIALS","Nail (7cm - 12cm)","","34.32","36.00","30.65","32.65","32.00","40.08","33.33","35.00","32.00","30.65","32.00","31.32"
"5","CONSTRUCTION MATERIALS","Nail With Cape","","55.00","54.00","51.61","50.00","60.00","69.33","56.62","55.00","58.99","50.66","56.00","46.61"
"6","CONSTRUCTION MATERIALS","Corrugated Iron Sheet (","","116.00","119.33","108.67","114.00","115.00","120.64","119.33","110.00","108.33","116.33","-","116.32"
"7","CONSTRUCTION MATERIALS","Wood for House Construction('Atana').","","14.30","26.57","-","18.00","18.64","-","15.87","25.00","25.33","24.66","-","43.27"
"8","CONSTRUCTION MATERIALS","Wall Paints-Super (Fluid) Normal","","128.31","130.00","134.94","131.65","126.58","140.33","122.65","-","140.00","136.00","140.00","127.59"
"9","CONSTRUCTION MATERIALS","Wall Paints-Super (Fluid) Plastic","","246.62","246.66","250.00","231.65","233.29","254.33","243.32","224.00","240.00","252.00","-","241.59"
"10","CONSTRUCTION MATERIALS","Coarse Aggregate Gravel","Meter ","-","-","-","-","-","-","-","346.63","380.00","-","-","-"
"11","CONSTRUCTION MATERIALS","Hollow Concrete Block(15x20x40 cm Cub","Hollow Concrete Block(15x20x40 cm Cub","-","-","-","10.00","-","-","-","-","8.00","-","-","8.00"
"12","CONSTRUCTION MATERIALS","Bricks (25cm x 12cm x 6cm)","","-","-","-","6.00","-","-","-","-","-","-","-","5.00"
"13","CONSTRUCTION MATERIALS","Floor Board 4m Length","","-","-","-","-","-","-","-","-","-","-","-","-"
"14","CONSTRUCTION MATERIALS","Iron Pipe 6mt","","227.49","230.00","-","223.32","-","-","-","-","200.00","-","-","-"
"15","CONSTRUCTION MATERIALS","Chipwood (125cm x 250cm x 8mm)","","160.00","200.00","-","-","-","213.76","-","-","-","-","-","-"
"16","CONSTRUCTION MATERIALS","Sand","Meter ","-","-","-","244.64","-","-","-","450.00","-","-","-","-"
"17","CONSTRUCTION MATERIALS","Gutter Nº 33","M","-","-","-","-","-","82.46","-","-","-","-","-","-"
"18","CONSTRUCTION MATERIALS","Window Glass (50cm x 50cm x 3mm)","","-","-","-","-","-","-","35.99","50.00","45.00","-","-","-"
"19","CONSTRUCTION MATERIALS","Water Tanker,Roto (1 meter cube)","","-","-","-","-","-","-","-","-","3350.00","-","-","-"
"20","CONSTRUCTION MATERIALS","Stone for House Construction","Meter ","-","-","-","233.33","-","-","-","-","-","312.25","-","171.65"
"21","CONSTRUCTION MATERIALS","Mega Paints","","-","-","-","131.65","126.58","162.30","130.00","120.00","140.00","136.00","140.00","127.59"
"22","CONSTRUCTION MATERIALS","Nefas seleke Paints","","-","-","-","-","-","-","-","-","145.00","138.00","160.00","-"
"23","CONSTRUCTION MATERIALS","\"Yewellel Nitaf\"(Cement Made Tile)","","-","-","-","-","-","-","-","-","-","-","-","-"
"24","CONSTRUCTION MATERIALS","\"Yewellel Nitaf\"(Plastic Made Tile)","","-","-","-","-","-","-","-","-","-","-","-","-"
"25","CONSTRUCTION MATERIALS","Key (With hand)","","-","230.00","-","198.32","195.00","203.28","276.63","-","-","-","-","-"
"26","CONSTRUCTION MATERIALS","Door made of iron","","1300.00","2000.00","-","1100.00","1096.96","1698.04","1274.75","1676.54","-","-","-","942.75"
"1","WATER","Water","Meter ","4.50","5.25","-","2.80","4.95","4.60","3.00","3.00","4.00","4.00","3.00","2.70"
"2","FUEL AND POWER","Fire Wood","Meter ","242.70","245.25","214.21","163.28","177.04","122.11","-","176.79","143.43","241.80","217.64","301.44"
"3","FUEL AND POWER","Charcoal","","5.48","9.38","4.97","4.22","4.62","-","6.70","9.11","8.74","5.89","9.60","8.29"
"4","FUEL AND POWER","Dung Cake","","-","-","-","-","-","-","-","-","1.62","-","-",".45"
"5","FUEL AND POWER","Kerosine","","14.24","14.56","-","14.14","14.30","14.41","14.17","14.21","13.95","13.96","-","13.95"
"6","FUEL AND POWER","Diesel","","17.30","17.50","17.20","17.20","17.36","17.47","17.23","17.27","17.01","17.02","-","17.01"
"7","FUEL AND POWER","Electric","",".27",".27",".27",".27","-",".27","-",".27",".27",".27",".27",".27"
"8","FUEL AND POWER","Matches","","-","-","-","-","-","-","-","-","-","-","-","-"
"9","FUEL AND POWER","Candles","","-","-","-","-","-","-","-","-","-","-","-","-"
"10","FUEL AND POWER","Buthane Gas (Shell)","","-","-","-","-","-","-","-","-","-","-","-","-"
"11","FUEL AND POWER","Eveready Drycell","","5.00","5.65","5.16","5.00","5.00","5.83","-","5.00","5.24","5.00","5.00","5.00"
"12","CHAIRS, TABLES, ETC.","Table Wanza (Machine made) Varnished.","","-","1200.00","800.00","816.33","453.31","698.81","790.00","1864.34","1249.33","979.80","-","688.68"
"13","CHAIRS, TABLES, ETC.","Table Wanza (Hand made) Not Varnished","Table Wanza (Hand made) Not Varnished","748.33","-","-","-","869.73","-","-","-","-","-","-","-"
"14","CHAIRS, TABLES, ETC.","Chairs Wanza (Machine Made) Varnished","Chairs Wanza (Machine Made) Varnished","-","400.00","300.00","600.00","151.65","171.77","480.70","650.00","766.31","324.04","-","357.26"
"15","CHAIRS, TABLES, ETC.","Chairs Wanza (Hand Made) Varnished","","324.04","-","-","-","426.17","-","-","-","-","-","-","-"
"16","CHAIRS, TABLES, ETC.","Cupboard Wanza (2 doors) Varnished","","4743.42","6000.00","3158.18","5000.00","4536.58","4862.94","4049.69","4314.70","4099.19","3240.37","-","3952.99"
"17","CHAIRS, TABLES, ETC.","Double Bed Wanza (120cm) Varnished","","3598.61","4000.00","4000.00","3733.04","2236.07","2931.79","2649.53","3500.00","3966.38","2034.70","2800.00","2742.40"
"18","CHAIRS, TABLES, ETC.","Sofas (Complete)","","16000.00","13000.00","-","16000.00","-","15000.00","11489.13","15000.00","14491.38","13729.53","-","10322.80"
"19","CHAIRS, TABLES, ETC.","Book Shelves Wanza (3 Shelves) no Doo","Book Shelves Wanza (3 Shelves) no Doo","774.60","1465.90","600.00","1300.00","1626.29","983.05","724.57","1715.54","1249.33","1449.14","-","1882.29"
"20","CHAIRS, TABLES, ETC.","Chest of Drawer ","","2236.07","1700.00","2236.07","3500.00","1816.51","2298.55","2100.00","3966.38","1483.14","3240.37","-","1684.40"
"1","Bed Sheet (Non-Patterned Bahir Dar)","1","Pa","-","200.00","-","254.90","300.00","229.85","-","216.61","-","-","-","230.00"
"2","Bed Sheet(Patterned Kombolcha)","1","Pa","330.00","300.00","306.52","478.33","350.00","299.89","-","279.88","-","-","-","-"
"3","Bed Sheet(Patterned Kombolcha)","Bed Cover(Patterned Kombolcha)","","-","-","-","-","623.00","479.93","-","-","-","-","-","-"
"4","Bed Sheet(Patterned Kombolcha)","Blanket Woolen(Debre B",")160cm x 220cm","280.00","300.00","283.06","300.00","352.49","459.93","256.62","286.63","299.89","306.52","-","267.49"
"5","Bed Sheet(Patterned Kombolcha)","Mattress-Sponge (A","","766.31","1132.37","900.00","950.00","1324.76","1449.43","823.32","1200.00","843.32","-","-","950.00"
"6","Bed Sheet(Patterned Kombolcha)","Towel-Local (Kombolcha)","","-","80.00","-","86.64","-","-","-","-","-","-","-","-"
"7","Bed Sheet(Patterned Kombolcha)","Curtains","m","-","154.92","129.74","120.00","113.31","66.51","98.30","100.00","81.63","96.64","-","98.30"
"8","EARTHEN WARE","Plastic tile","m","63.29","65.00","55.00","56.00","75.00","56.62","60.00","65.00","60.00","52.98","-","57.66"
"9","EARTHEN WARE","Water Pot","","30.97","22.96","50.00","20.23","38.26","-","16.70","35.00","22.66","25.30","21.31","20.80"
"10","EARTHEN WARE","'Jebena' Medium Size","","14.30","12.00","26.57","6.65","15.00","19.93","29.32","16.98","26.66","15.64","15.00","16.00"
"11","EARTHEN WARE","'Mitad' (Griddle of Clay)","","45.98","35.00","78.30","60.00","70.00","66.63","48.27","55.00","68.29","72.46","45.00","53.28"
"12","EARTHEN WARE","Local Stove '(Lakech)'","","-","100.00","37.61","60.00","60.00","51.61","50.00","120.00","43.27","54.85","48.00","41.57"
"13","EARTHEN WARE","Cup for Coffee (China)","","5.00","6.00","6.00","5.00","6.00","5.00","5.00","4.66","6.00","5.66","5.00","3.50"
"14","EARTHEN WARE","Plate Clay (imported)","","-","-","-","-","-","-","-","-","-","-","-","-"
"15","STRAW, BAMBOO AND OTHERS","'Sefed'","","23.30","45.00","36.59","23.96","28.23","21.63","30.00","20.00","38.97","40.83","45.00","34.34"
"16","STRAW, BAMBOO AND OTHERS","Sack 100Kg Capacity","","9.00","10.00","8.00","10.00","10.00","10.00","10.00","10.00","8.62","10.32","10.00","19.31"
"17","METAL WARE","Cooking Pan Medium (Local)","","44.32","96.55","61.62","60.98","144.94","73.19","138.31","45.55","63.29","61.62","-","79.33"
"18","METAL WARE","Tray (Nickel) Medium Nº 45 Local","","51.61","65.00","-","45.00","-","50.92","-","33.31","43.27","45.00","-","-"
"19","METAL WARE","Electric 'Mitad' Aluminium","","-","-","-","1400.00","-","1632.66","1436.43","1133.09","1100.00","1124.72","-","1800.00"
"1","P R I C E   I N    B I R R","Gas Stove (Kerosine) China","","144.94","150.00","-","156.65","162.48","131.52","147.48","-","160.00","138.31","-","150.00"
"2","P R I C E   I N    B I R R","Permuze(Japan)","","-","-","-","-","-","-","174.93","-","-","-","-","-"
"3","P R I C E   I N    B I R R","Refregrator","","7500.00","6500.00","-","-","-","6999.52","4289.99","-","-","-","-","-"
"4","PLASTIC WARE (LOCAL MADE)","Jerrycan (20 Litres)","","-","-","-","-","-","-","-","-","-","-","-","-"
"5","PLASTIC WARE (LOCAL MADE)","Bucket (20 Litres)","","38.66","50.00","40.66","40.00","46.32","36.99","36.97","40.00","40.66","40.66","45.00","41.60"
"6","GLASS WARE","Glass for Tea (Duralex)","","-","-","12.66","-","12.66","5.31","6.83","7.00","12.66","11.49","-","-"
"7","OTHER HOUSEHOLD EQUIPMENT","Kerosine Lamp","","110.00","121.64","-","75.00","66.63","71.40","38.00","60.00","-","-","-","-"
"8","OTHER HOUSEHOLD EQUIPMENT","'Kuraz' Small Local Kerosine Lamp","","4.83","2.00","7.65","3.00","5.00","3.00","3.00","4.83","3.08","4.48","-","3.00"
"9","OTHER HOUSEHOLD EQUIPMENT","Flash Light","","-","25.00","-","-","26.57","29.32","-","-","-","18.64","-","-"
"10","OTHER HOUSEHOLD EQUIPMENT","Electric Bulb Philips(40/60 Watt)","","11.29","15.00","12.00","14.00","12.66","12.66","12.00","10.00","11.83","11.32","8.49","11.29"
"11","HOUSEHOLD OPERATION","Hard Soap (Local)","2","5.00","5.00","4.55","5.00","-","-","6.16","6.00","6.39","9.00","8.50","7.00"
"12","HOUSEHOLD OPERATION","Hard Soap (Imported)","2","8.00","9.60","9.86","9.60","-","-","-","8.00","-","9.50","-","8.26"
"13","HOUSEHOLD OPERATION","Detergent (Omo)","","3.33","-","-","3.00","3.33","-","4.17","-","-","4.03","-","4.17"
"14","HOUSEHOLD OPERATION","Incense","","-","90.00","-","-","70.00","83.20","-","-","-","-","-","62.58"
"15","HOUSEHOLD OPERATION","Sandal Wood","",".70","1.00",".75","1.00","1.00",".50",".75",".50",".46",".65",".50",".56"
"16","HOUSEHOLD OPERATION","Toilet Paper (Mamko)","","8.32","8.00","9.32","8.00","9.00","10.00","9.00","8.33","9.65","9.32","9.00","8.49"
"17","HOUSEHOLD OPERATION","Detergent(Zahira)","","2.08","2.50","2.50","2.08","2.25","2.41","2.29","2.63","2.41","2.13","2.13","2.17"
"1","DRY CLEANING","Dry Cleaning (Suit Men)","","30.00","60.00","-","30.33","40.00","28.98","52.76","45.00","29.59","45.00","-","35.50"
"2","DOMESTIC SERVICE","Maid Servant","M","215.44","193.10","262.07","315.82","126.58","-","150.00","200.00","163.27","282.31","-","150.00"
"3","DOMESTIC SERVICE","Unskilled Service (Daily Laborer)","","30.00","40.00","23.21","30.00","43.09","43.09","40.00","31.29","20.65","28.23","30.00","45.00"
"4","DOMESTIC SERVICE","Salary for Guard ","M","-","-","-","-","229.58","-","250.00","-","432.67","416.02","-","-"
"5","MEDICAL CARE","Ampicillin(250 mg) Local","56 C","27.62","31.32","33.60","28.00","44.80","35.50","22.40","56.00","35.04","-","-","39.20"
"6","MEDICAL CARE","Tetracycline (250 mg) Local","56 C","25.04","25.00","22.40","-","28.90","27.59","-","22.40","28.00","-","-","28.00"
"7","MEDICAL CARE","Penicillin injection(4 Mu","But","6.00","6.00","7.32","7.00","10.00","-","7.48","7.00","6.49","9.28","-","8.62"
"8","MEDICAL CARE","Chloramphenicol(250mg) Local","56 C","28.00","-","-","-","-","34.99","21.83","21.42","28.00","-","-","21.92"
"9","MEDICAL CARE","Paracitamole(500mg) Local","20 P","4.00","4.00","4.00","4.00","4.00","4.00","4.00","4.00","4.00","4.00","-","4.31"
"10","MEDICAL CARE","Cough Syrup (Efadykse) Local","125c","18.57","25.00","-","20.00","18.00","-","20.00","20.00","20.65","21.94","-","21.25"
"11","MEDICAL CARE","Bactrim(480mg) Local","30 P","9.91","12.00","10.90","9.00","10.90","12.00","9.00","12.00","13.42","10.43","-","9.91"
"12","MEDICAL CARE","Vermox(100mg) Local","12 P","3.11","5.24","4.00","3.00","4.36","4.00","6.00","-","4.80","3.73","-","3.46"
"13","MEDICAL CARE","Mezel(250mg) Local","30 C","10.90","12.00","12.00","9.00","10.90","12.00","9.00","9.00","-","9.91","-","9.00"
"14","MEDICAL CARE","Asprin (300 mg) Local","20 P","4.00","4.00","3.63","-","3.63","4.00","3.00","4.00","4.00","4.00","-","3.63"
"15","MEDICAL CARE","Insulin(Lente)","Butt","61.16","87.46","-","65.00","-","-","-","-","77.46","80.00","-","-"
"16","MEDICAL CARE","Amoxacillin(500mg)","16 C","14.85","20.00","16.00","16.00","16.00","16.26","16.00","16.00","19.73","16.00","-","19.46"
"17","MEDICAL CARE","Magnesium Oxide","30 P","6.00","6.00","6.00","6.00","6.00","6.00","6.00","6.00","6.00","6.00","-","6.00"
"18","MEDICAL CARE","Fasider Tablet","1 P","-","-","-","-","-","-","-","-","-","-","-","-"
"19","OTHER MEDICAL EXPENSES","Doctor's Fee (Government)","per v","5.29","4.47","3.87","4.47","5.00","5.00","-","3.00","5.00","5.00","3.00","5.00"
"20","OTHER MEDICAL EXPENSES","Doctor's Fee (Private)","per v","10.00","11.45","5.00","8.43","10.00","15.00","13.10","6.30","13.10","10.00","-","20.00"
"21","OTHER MEDICAL EXPENSES","Injection (Service Charge)","","2.00","2.00","1.00","2.00","1.00","2.00","3.30","2.00","2.00","2.00","3.00","1.26"
"1","P R I C E   I N    B I R R","Labratory Test Fee (Private)","","11.45","10.00","5.00","6.00","15.00","20.00","10.00","8.43","9.28","7.65","5.00","10.00"
"2","P R I C E   I N    B I R R","Bed Charge (gov","per","10.25","10.95","12.00","9.00","-","8.00","16.00","-","8.00","-","-","18.00"
"3","P R I C E   I N    B I R R","X-Ray(For TB)","","100.00","-","70.00","74.83","80.00","-","80.00","-","89.44","105.00","-","-"
"4","P R I C E   I N    B I R R","Bed Charge (Private)","per","22.89","27.97","30.00","44.72","-","-","30.00","-","25.00","45.00","-","122.47"
"5","TRANSPORT","Benzene","","19.60","-","-","19.50","19.66","19.77","19.53","19.57","19.31","19.32","-","19.31"
"6","TRANSPORT","Motor Oil (Mobil)","","76.67","85.00","-","83.00","83.00","75.51","84.00","80.87","81.99","83.10","-","82.00"
"7","TRANSPORT","Car Washing and Greasing","","-","-","-","80.00","60.00","50.00","25.00","45.00","72.46","55.00","-","37.42"
"8","TRANSPORT","Bus Fare (per km)","T",".30",".33",".38",".32","-","-",".23",".28",".34",".34","-",".34"
"9","TRANSPORT","Bus Fare (within Town) ","","-","-","-","1.00","-","-","1.00","-","-","-","-","-"
"10","TRANSPORT","Taxi Fare ","","1.75","-","-","1.75","-","-","1.75","-","1.70","1.65","-","1.65"
"11","TRANSPORT","Air Plane (To Addis Ababa) ","","-","-","-","-","-","-","522.00","-","-","-","-","-"
"12","TRANSPORT","Animal Transport fare","","-","-","-","-","-","36.34","-","-","-","-","-","-"
"13","TRANSPORT","Cart Fare","","-","-","-","-","3.00","2.29","2.00","2.00","-","2.00","-","1.50"
"14","COMMUNICATION","Telephone Charge (with town)","Pe",".20",".20",".20",".20","-","-","-",".20",".20",".20",".20",".20"
"15","COMMUNICATION","Telephone Charge to Addia Ababa","Pe","2.49","2.49","2.49","2.48","-","-","1.20","-","1.50","1.50","1.50","1.50"
"16","COMMUNICATION","Telephone Line Installation Charge","","-","-","-","-","-","283.30","-","-","283.30","283.30","283.30","283.30"
"17","COMMUNICATION","Mobile Apparatus(Nokia6200)","","-","-","-","-","-","-","-","-","-","-","-","-"
"18","COMMUNICATION","Mobile call from Tel","Pe","2.49","2.49","2.49","2.48","-","-","-","-","-","-","-","-"
"19","COMMUNICATION","Internet Service","10hrs/m","75.90","75.90","75.90","75.90","-","-","88.00","111.00","-","11.10","-","-"
"1","EQUIPMENT AND ACCESSORIES","T","","4950.00","4600.00","5000.00","4633.09","-","4574.93","-","4115.78","5283.28","-","-","-"
"2","EQUIPMENT AND ACCESSORIES","Cassette Recorded Original(Local Musi","Cassette Recorded Original(Local Musi","12.00","12.00","12.00","13.00","12.00","13.33","10.00","12.00","14.66","13.00","13.00","13.00"
"3","EQUIPMENT AND ACCESSORIES","Radio Set Philips 3 Band","","-","400.00","-","-","-","-","-","-","-","-","-","-"
"4","EQUIPMENT AND ACCESSORIES","Tape Recorder National (2 Speaker)","","-","-","-","-","-","-","-","-","-","-","-","-"
"5","EQUIPMENT AND ACCESSORIES","Expense for Photograph(Passport size)","Expense for Photograph(Passport size)","6.67","10.00","6.67","6.67","10.00","8.00","8.00","14.00","10.00","9.65","6.00","8.00"
"6","EQUIPMENT AND ACCESSORIES","Newspaper (Addis Zemen)","","-","-","-","-","-","-","2.00","-","-","-","-","-"
"7","EQUIPMENT AND ACCESSORIES","Theater Enterance Fee ","","-","-","-","-","-","-","-","-","-","-","-","-"
"8","EQUIPMENT AND ACCESSORIES","VCD-Player(Mayato Japan)","","1100.00","1232.45","-","-","-","1181.67","974.68","-","-","-","-","-"
"9","EQUIPMENT AND ACCESSORIES","VCD Cassette rent","","5.00","4.00","4.00","4.00","3.00","2.62","2.00","3.00","1.59","2.00","4.47","3.00"
"10","EDUCATION","Exercise Book (50 Leaves) Local","","5.00","-","6.48","-","5.00","5.48","6.00","-","6.50","-","-","6.00"
"11","EDUCATION","Pencil (China)","","2.00","2.00","2.00","2.00","2.00","3.16","1.00","2.00","2.00","2.00","-","2.00"
"12","EDUCATION","Ball Point-Bic England","","3.50","3.00","3.32","3.50","4.00","3.83","3.00","-","3.50","3.50","3.00","3.00"
"13","EDUCATION","Day School Fee-Public(Grade 7 & 8)","M","-","-","-","-","-","-","-","-","-","-","-","-"
"14","EDUCATION","Day School Fee-Private(Grade 9-10)","M","130.00","-","-","-","-","-","-","-","-","-","-","-"
"15","EDUCATION","Night School Fee-Government(Gr","9-10)M","60.00","-","-","-","-","-","50.00","-","-","-","-","-"
"16","EDUCATION","School Uniform Fee ","","-","-","-","-","-","-","-","-","-","171.55","-","-"
"17","EDUCATION","Night School Fee-Private(Grade9-10)","M","70.00","-","-","-","-","-","-","-","-","-","-","-"
"18","EDUCATION","Night College Fee-Private","Credi","-","-","-","-","-","-","-","-","-","-","-","-"
"19","PERSONAL CARE","GIV Toilet Soap","","7.88","7.88","7.88","7.88","10.13","7.88","8.06","7.88","7.88","7.50","7.88","8.61"
"20","PERSONAL CARE","Blade-INDIA","","1.00","1.00","1.00","1.00","1.00","1.65",".79","1.00","1.00","1.00","1.00","1.00"
"1","P R I C E   I N    B I R R","Hair Dressing (Traditional)","","15.00","20.00","7.88","10.00","10.00","11.29","10.00","10.00","10.00","8.88","20.00","15.00"
"2","P R I C E   I N    B I R R","Hair Dressing (Modern)","","25.00","25.00","25.00","30.00","30.00","28.23","25.00","30.00","25.33","22.96","45.00","25.00"
"3","P R I C E   I N    B I R R","Barbery (Mens Hair Cut)","","7.00","10.00","7.00","8.00","8.96","9.28","10.00","7.32","7.32","7.27","5.00","7.65"
"4","P R I C E   I N    B I R R","Zenith Hair Oil(Liquids Form)","3","22.00","25.00","23.33","25.00","25.00","24.99","22.66","22.00","22.33","20.65","22.00","22.00"
"5","P R I C E   I N    B I R R","Zenith Hair Oil(Non-Liquids Form)","3","22.66","20.31","23.33","25.00","25.00","21.63","22.66","22.00","22.33","20.00","22.00","21.66"
"6","P R I C E   I N    B I R R","Shaving Machine (medium) ","","110.00","90.00","79.70","100.00","90.00","-","104.88","-","96.55","125.00","-","100.00"
"7","P R I C E   I N    B I R R","Perfume  ","1","-","-","68.29","85.00","-","-","48.66","-","61.62","-","-","-"
"8","P R I C E   I N    B I R R","Parafin Hair Oil","3","30.76","33.00","29.70","33.00","37.39","30.18","33.00","-","-","29.70","-","29.70"
"9","P R I C E   I N    B I R R","Shoe Polish(Black/Brown)","","3.00","3.00","3.00","3.00","3.30","3.63","3.00","3.00","3.66","3.00","3.00","3.32"
"10","P R I C E   I N    B I R R","Modes(Disposable napkins)","Pa","16.00","18.00","15.66","18.00","17.31","-","14.33","16.00","-","-","-","-"
"11","PERSONAL EFFECTS","Umbrella-Men Medium (Local)","","78.30","66.63","78.30","70.00","83.30","-","-","-","88.30","88.30","91.64","101.48"
"12","PERSONAL EFFECTS","Umbrella-Women Medium (Imported)","","126.58","156.59","124.93","138.31","133.25","129.74","111.64","114.93","118.31","116.57","85.00","129.74"
"13","PERSONAL EFFECTS","Hand Bag (Imported Synthetic)","","265.66","250.00","222.40","300.00","288.21","284.96","214.94","256.62","244.97","242.72","-","179.86"
"14","PERSONAL EFFECTS","Belt (Local) Machine Made","","68.29","120.00","109.70","80.00","66.49","89.63","-","-","61.62","52.44","-","51.61"
"15","PERSONAL EFFECTS","Belt (Local) Hand Made","","-","-","-","-","-","59.86","48.99","-","-","-","-","-"
"16","JEWELLERY","Seiko-21 Jewels Automatic (Men)","","-","-","-","-","-","-","-","-","-","-","-","-"
"17","JEWELLERY","Seiko-21 Jewels Automatic (Women)","","-","-","-","-","-","-","-","-","-","-","-","-"
"18","JEWELLERY","Earrings (4gm 18 carat Local)","","-","3400.00","-","4000.00","-","-","-","-","3910.00","3600.00","-","-"
"19","JEWELLERY","Neck Laces (6gm 18 carat Local)","","-","5400.00","-","6000.00","-","-","-","-","5865.00","5400.00","-","-"
"20","JEWELLERY","Rings (4gm 18 carat Local)","","-","3400.00","-","4000.00","-","-","-","-","3910.00","3600.00","-","-"
"21","JEWELLERY","Bracelet 20gm (18 carat Local)","","-","17000.00","-","20000.00","-","-","-","-","-","18000.00","-","-"
"1","LIVESTOCK","Sheep (10-15Kg)","","448.14","678.77","585.75","705.90","549.94","703.22","876.42","416.48","819.84","702.37","483.17","574.64"
"2","LIVESTOCK","Goat (10-15Kg)","","-","520.54","492.69","548.48","459.93","689.95","639.92","354.93","789.83","623.00","546.52","512.68"
"3","LIVESTOCK","Heifer (2-4 Years)","","3659.31","2430.55","-","1249.33","1856.19","1898.24","994.99","2689.09","4125.21","2530.30","2712.15","3478.44"
"4","LIVESTOCK","Cow (4 Years and Above)","","4308.87","3291.65","-","2896.47","3825.86","2998.89","1674.81","3416.59","4174.85","4228.38","3138.41","5199.23"
"5","LIVESTOCK","Bull (2-4 Years)","","3546.99","2957.35","-","2371.44","2298.55","1982.34","2449.49","4033.06","4227.33","2995.55","2949.14","4777.04"
"6","LIVESTOCK","Ox (4 Years and Above)","","6098.38","5385.37","-","5898.29","4699.29","3999.17","5049.75","4899.32","6145.08","6925.40","7099.53","7439.74"
"7","LIVESTOCK","Hen (Indigenous)","","57.99","46.61","36.59","48.27","31.58","64.87","37.61","43.27","56.62","71.63","53.28","61.62"
"8","LIVESTOCK","Cock (Indigenous)","","103.23","73.29","69.88","71.63","64.87","109.70","66.49","63.29","103.23","107.84","61.62","79.90"
"9","DRAUGHT ANIMALS","Donkey","","2064.56","1263.89","-","1248.05","-","2315.09","-","1266.45","-","1397.61","1232.45","1375.77"
"10","DRAUGHT ANIMALS","Horse","","-","-","-","2896.47","-","-","-","-","-","3323.79","-","-"
"11","DRAUGHT ANIMALS","Mule","","-","-","-","-","-","-","-","-","-","6745.37","-","-"
"12","FARM EQUIPMENT (INDUSTRIAL PRODUCT)","Sickel","","20.00","35.00","43.99","29.32","30.00","29.32","71.63","35.00","73.29","73.48","65.00","-"
"13","FARM EQUIPMENT (INDUSTRIAL PRODUCT)","Pick Axe ('Doma')","","90.00","80.00","101.48","93.30","80.00","97.64","-","-","88.11","82.46","-","45.00"
"14","FARM EQUIPMENT (INDUSTRIAL PRODUCT)","'Gejera'","","-","68.29","-","83.30","80.00","89.33","169.33","140.00","111.64","87.46","-","-"
"15","FARM EQUIPMENT (HAND MADE)","'Mofer'","","-","29.32","-","-","-","-","-","-","48.27","-","-","-"
"16","FARM EQUIPMENT (HAND MADE)","'Kember'","","-","33.97","-","-","-","-","-","-","-","-","-","-"
"17","FARM EQUIPMENT (HAND MADE)","'Digr'","","-","19.31","-","-","-","-","-","-","7.83","5.63","-","-"
"18","FARM EQUIPMENT (HAND MADE)","Plough","","35.97","120.00","74.83","60.00","60.00","48.27","-","45.00","68.29","46.61","-","104.88"
"19","FARM EQUIPMENT (HAND MADE)","Sickel","","-","-","-","15.00","-","-","-","10.00","-","8.65","26.99","-"
