"Regions","CATEGORY","ITEM","UNIT","TIGRAY","TIGRAY","TIGRAY","TIGRAY","TIGRAY","TIGRAY","TIGRAY","TIGRAY","AFAR","AFAR","AFAR","AFAR"
"Markets","CATEGORY","ITEM","UNIT","Enda- silase ","Enda- baguna ","Adwa","Axum","Adigrat","Wukiro","Mai- chew ","Mekelle","Ayisaeta","Dubti","Melka Werers ","Sebat killo "
"1","CEREALS UNMILLED","'Teff' White ","Kg ","15.92","18.25","17.00","16.34","17.77","17.80","16.96","17.23","16.00","17.33","18.00","17.60"
"2","CEREALS UNMILLED","'Teff' Mixed","Kg ","13.81","16.27","15.20","14.81","14.33","14.00","13.20","15.00","15.00","15.00","15.83","15.73"
"3","CEREALS UNMILLED","'Teff' Black (Red)","Kg ","12.69","16.00","6.17","13.68","13.07","12.34","14.08","11.50","-","-","13.83","12.90"
"4","CEREALS UNMILLED","Wheat White","Kg ","9.03","12.99","8.00","9.12","9.16","8.90","9.64","9.50","12.00","-","7.33","8.00"
"5","CEREALS UNMILLED","Wheat Mixed","Kg ","-","-","-","-","-","-","-","-","-","-","-","7.00"
"6","CEREALS UNMILLED","Wheat Black (Red)","Kg ","7.31","9.41","-","-","9.00","10.87","10.69","12.18","-","-","-","7.00"
"7","CEREALS UNMILLED","Barley White","Kg ","-","10.21","-","11.11","8.16","10.93","8.97","11.00","10.83","9.00","9.16","8.00"
"8","CEREALS UNMILLED","Barley Mixed","Kg ","-","-","-","-","-","-","8.25","-","-","-","-","7.90"
"9","CEREALS UNMILLED","Barley Black","Kg ","-","-","-","-","9.80","10.59","-","9.10","-","-","-","7.97"
"10","CEREALS UNMILLED","Barley for Beer","Kg ","-","-","-","-","-","-","-","-","-","-","8.16","8.07"
"11","CEREALS UNMILLED","Maize (White)","Kg ","6.97","6.75","7.00","6.90","7.00","7.00","6.80","6.77","5.80","6.00","7.00","6.95"
"12","CEREALS UNMILLED","Durrah","Kg ","-","-","-","-","-","7.82","9.83","-","20.00","-","-","-"
"13","CEREALS UNMILLED","Sorghum Yellow","Kg ","6.13","-","6.00","-","-","8.45","10.05","10.50","11.49","12.66","10.32","8.00"
"14","CEREALS UNMILLED","Sorghum White","Kg ","-","7.87","-","9.91","-","-","10.86","9.47","-","12.00","11.66","10.13"
"15","CEREALS UNMILLED","Sorghum Red","Kg ","-","7.31","6.00","6.87","-","-","-","7.50","-","-","8.65","7.00"
"16","CEREALS UNMILLED","African Millet","Kg ","7.41","8.23","9.00","9.44","9.07","10.23","-","9.50","-","-","-","-"
"17","CEREALS UNMILLED","Rice (Imported)","Kg ","18.64","18.00","20.00","18.00","18.00","18.00","18.00","17.00","16.00","16.33","15.66","15.66"
"18","CEREALS UNMILLED","Oats","Kg ","-","-","-","-","-","-","-","-","-","-","-","-"
"19","CEREALS UNMILLED","Hulled Barley","Kg ","-","-","16.42","17.54","-","-","-","-","-","-","-","-"
"20","CEREALS MILLED","'Teff' White","Kg ","-","-","-","-","-","-","-","18.00","16.67","18.00","19.00","-"
"21","CEREALS MILLED","'Teff' Mixed","Kg ","-","-","-","-","-","-","-","15.66","15.50","16.33","16.83","-"
"22","CEREALS MILLED","'Teff' Black (Red)","Kg ","-","-","-","-","-","-","-","14.49","-","-","14.83","-"
"23","CEREALS MILLED","Wheat White","Kg ","-","-","-","-","-","-","11.18","-","-","-","-","-"
"24","CEREALS MILLED","Wheat Mixed","Kg ","-","-","-","-","-","-","-","-","-","-","-","-"
"25","CEREALS MILLED","Barley White","Kg ","-","-","-","-","-","-","-","-","-","-","-","-"
"26","CEREALS MILLED","Barley Mixed","Kg ","-","-","-","-","-","-","-","-","-","-","-","-"
"1","P R I C E   I N    B I R R","Maize (White)","Kg ","-","-","-","-","-","9.88","10.05","8.16","7.33","-","7.83","-"
"2","P R I C E   I N    B I R R","Oats","Kg ","20.98","21.66","-","-","24.00","25.00","-","23.45","-","-","23.31","-"
"3","P R I C E   I N    B I R R","Sorghum","Kg ","-","-","-","-","-","-","-","10.00","-","-","-","-"
"4","P R I C E   I N    B I R R","Durrah","Kg ","-","-","-","-","-","-","-","-","-","-","-","-"
"5","P R I C E   I N    B I R R","'Furno Duket' Locally Processed","Kg ","13.66","14.00","14.66","14.00","14.00","14.00","13.66","12.00","11.00","11.00","10.66","11.00"
"6","PULSES UNMILLED","Horse Beans","Kg ","10.26","13.84","10.81","9.52","11.00","11.16","9.54","11.66","12.16","9.15","14.66","10.00"
"7","PULSES UNMILLED","Peas White","Kg ","-","-","-","-","-","-","-","-","-","-","12.66","-"
"8","PULSES UNMILLED","Peas Green(dry)","Kg ","-","-","12.41","-","12.00","9.33","-","12.00","-","12.00","11.66","10.13"
"9","PULSES UNMILLED","Peas Mixed","Kg ","-","-","-","9.95","-","-","10.96","-","-","-","-","-"
"10","PULSES UNMILLED","Soya Beans","Kg ","-","-","-","-","-","-","-","-","-","-","-","-"
"11","PULSES UNMILLED","Chick Peas","Kg ","11.37","15.38","14.15","12.82","11.32","10.54","11.38","12.00","12.00","12.00","13.33","10.17"
"12","PULSES UNMILLED","Lentils","Kg ","24.00","19.31","24.00","15.52","20.00","15.19","14.89","20.00","18.00","20.00","18.64","18.33"
"13","PULSES UNMILLED","Haricot Beans","Kg ","12.90","-","-","-","-","-","-","-","-","-","11.32","10.00"
"14","PULSES UNMILLED","Lima Beans","Kg ","-","-","-","-","-","-","-","-","-","-","-","10.00"
"15","PULSES UNMILLED","Vetch","Kg ","8.78","-","9.61","8.24","7.96","6.89","7.32","5.87","-","-","7.09","6.07"
"16","PULSES UNMILLED","Fenugreek(Green)","Kg ","24.80","16.03","14.71","18.23","19.31","15.37","14.23","25.00","20.00","20.65","15.00","20.00"
"17","PULSES MILLED OR SPLIT","Horse Beans Milled","Kg ","-","-","22.00","22.99","18.00","12.33","14.84","14.19","-","20.95","15.94","15.00"
"18","PULSES MILLED OR SPLIT","Peas Milled","Kg ","-","-","-","-","-","-","-","-","-","-","-","-"
"19","PULSES MILLED OR SPLIT","Chick Peas Milled","Kg ","-","-","-","-","-","-","-","-","-","-","-","-"
"20","PULSES MILLED OR SPLIT","Mixed Pulses Milled","Kg ","-","-","-","-","-","-","-","-","-","-","29.32","-"
"21","PULSES MILLED OR SPLIT","Vetch Milled","Kg ","-","-","-","-","-","-","-","-","-","-","29.32","16.83"
"22","PULSES MILLED OR SPLIT","Peas Split","Kg ","22.65","-","-","23.33","-","-","-","-","20.00","-","15.33","15.00"
"23","PULSES MILLED OR SPLIT","Peas Split(Roasted)","Kg ","-","-","-","-","19.21","20.00","-","18.93","-","20.00","16.33","15.00"
"24","PULSES MILLED OR SPLIT","Horse Beans Split(Roasted)","Kg ","20.65","20.00","-","-","-","-","-","-","-","20.00","-","13.33"
"25","PULSES MILLED OR SPLIT","Lentils Split","Kg ","27.32","26.33","30.00","30.00","24.99","30.00","30.00","28.31","25.66","26.33","25.33","23.66"
"1","P R I C E   I N    B I R R","Vetch Split(Roasted)","Kg ","-","-","-","-","13.16","10.42","-","9.90","-","-","-","11.66"
"2","P R I C E   I N    B I R R","Chick Peas Split(Roasted)","Kg ","-","-","-","-","-","20.29","-","19.55","-","-","-","17.66"
"3","P R I C E   I N    B I R R","Fenugreek Milled","Kg ","85.00","-","60.00","40.99","-","-","-","50.00","28.65","-","-","37.42"
"4","OIL SEEDS","Niger Seed","Kg ","16.48","14.10","9.62","16.67","-","-","-","25.00","19.31","30.00","17.31","-"
"5","OIL SEEDS","Linseed White","Kg ","-","-","-","-","-","-","-","-","-","-","-","20.00"
"6","OIL SEEDS","Linseed Red","Kg ","16.87","14.07","15.09","14.50","13.66","9.47","11.79","19.31","20.00","20.00","21.31","18.00"
"7","OIL SEEDS","Sesame Seed Red","Kg ","-","-","-","-","-","-","-","40.00","29.32","-","-","-"
"8","OIL SEEDS","Sunflower","Kg ","13.92","16.65","9.09","16.15","-","-","10.99","20.00","14.00","-","14.33","12.63"
"9","OIL SEEDS","Castor Beans","Kg ","8.50","13.11","5.07","10.00","12.00","-","8.33","-","-","-","-","-"
"10","OIL SEEDS","Rape Seed","Kg ","16.13","13.21","9.09","10.64","16.00","-","-","25.66","20.00","20.00","12.32","10.00"
"11","OIL SEEDS","Ground Nut Shelled","Kg ","22.33","24.00","22.00","23.99","23.31","-","25.00","24.00","25.66","24.33","22.33","21.49"
"12","PREPARED CEREAL PRODUCTS","Spaghetti (Local) Without Egg","Kg ","31.32","31.32","30.00","29.96","29.32","32.00","32.00","28.00","24.00","24.00","23.31","23.31"
"13","PREPARED CEREAL PRODUCTS","Pastini","Kg ","28.65","24.65","28.00","28.65","28.00","30.00","30.00","28.65","30.00","-","30.65","26.65"
"14","PREPARED CEREAL PRODUCTS","Macaroni (Local) Without Egg","Kg ","20.00","20.00","20.00","20.00","18.00","18.00","19.00","17.66","17.00","17.31","18.33","16.66"
"15","PREPARED CEREAL PRODUCTS","'Fafa' Flour","kg ","-","-","-","-","-","-","-","-","-","-","-","-"
"16","PREPARED CEREAL PRODUCTS","'Dube' Flour","kg ","-","-","-","46.00","-","-","-","-","-","-","-","-"
"17","BREAD AND OTHER PREPARED FOODS","'Enjera' ('Teff' Mixed)","325gm ","-","4.88","3.68","4.64","2.97","3.36","3.71","3.50","4.88","5.87","4.20","4.07"
"18","BREAD AND OTHER PREPARED FOODS","'Dabo' (Traditional Ambasha)","350gm ","-","-","-","-","-","3.98","-","4.38","-","5.17","-","-"
"19","BREAD AND OTHER PREPARED FOODS","'Dabo' (Traditional Sheleto)","350gm ","-","-","-","-","-","-","-","-","-","-","-","-"
"20","BREAD AND OTHER PREPARED FOODS","Bread Wheat (Bakery)","350gm ","5.27","4.44","4.86","4.20","4.20","3.50","5.25","3.95","6.18","4.38","3.69","7.02"
"21","BREAD AND OTHER PREPARED FOODS","Biscuits ","150gm ","5.00","3.00","4.29","3.21","5.36","4.29","4.29","4.29","4.98","4.29","4.98","5.36"
"1","MEAT","Beef ","Kg ","100.00","100.00","100.00","120.00","90.00","94.66","80.00","109.70","-","-","100.00","120.00"
"2","MEAT","Camel Meat ","Kg ","-","-","-","-","-","-","-","-","-","-","-","-"
"3","FISH AND FISH PRODUCTS","Fish Fresh","Kg ","-","-","-","-","-","-","-","-","-","-","-","-"
"4","FISH AND FISH PRODUCTS","Sardines (Imported)","125gm ","26.46","-","30.00","-","28.46","30.00","-","28.98","26.32","29.38","21.31","22.98"
"5","DIARY PRODUCTS AND EGG","Cow Milk (Unpasteurized)","Lt ","13.66","15.00","12.00","14.33","10.63","11.81","8.00","12.00","9.09","18.18","18.57","15.15"
"6","DIARY PRODUCTS AND EGG","Cow Milk (pasteurized)","Lt ","-","-","-","-","36.00","-","-","36.00","26.00","-","-","-"
"7","DIARY PRODUCTS AND EGG","Camel Milk","Lt ","-","-","-","-","-","-","-","-","26.00","-","-","-"
"8","DIARY PRODUCTS AND EGG","Goat Milk","Lt ","-","-","-","-","-","-","-","-","-","-","17.24","-"
"9","DIARY PRODUCTS AND EGG","Powdered Milk (Me&My)","450gm ","138.31","-","157.50","129.30","136.12","-","-","110.00","114.35","-","103.09","100.49"
"10","DIARY PRODUCTS AND EGG","Yoghurt (Traditional)","Lt ","36.36","-","24.00","21.43","44.44","39.53","35.71","29.63","15.15","18.18","23.33","33.33"
"11","DIARY PRODUCTS AND EGG","Cheese Cottage","Kg ","-","-","-","-","-","-","-","-","-","-","40.00","47.43"
"12","DIARY PRODUCTS AND EGG","Egg (Traditional)","Dozen ","33.88","30.00","30.00","32.91","30.00","27.00","24.00","28.80","30.00","30.00","29.59","30.00"
"13","OILS AND FATS","Butter Unrefined","Kg ","161.02","120.31","-","-","200.00","-","194.31","-","-","143.26","143.26","130.00"
"14","OILS AND FATS","Cooking Oil (Imported)","Lt ","25.00","25.00","25.33","25.00","25.00","-","24.33","23.40","24.77","25.54","25.66","26.44"
"15","OILS AND FATS","Cooking Oil (Local)","Lt ","64.59","77.26","-","74.74","-","-","-","-","-","-","-","-"
"16","OILS AND FATS","Vegetable Butter(Sheno & Shady)","Kg ","83.30","-","-","100.73","85.00","96.26","100.00","94.07","88.89","88.89","87.00","83.70"
"1","VEGETABLES (FRESH)","Ethiopian Kale","Kg ","11.18","-","-","-","-","-","-","-","14.72","8.62","9.30","10.69"
"2","VEGETABLES (FRESH)","Cabbage","Kg ","4.64","5.65","4.00","4.00","3.16","2.46","2.99","4.83","15.99","9.22","15.59","6.78"
"3","VEGETABLES (FRESH)","Lettuce","Kg ","14.29","9.53","5.22","5.47","5.65","15.38","10.15","15.00","19.26","15.54","-","11.69"
"4","VEGETABLES (FRESH)","Spinach","Kg ","5.56","6.06","3.64","2.58","4.64","3.72","4.45","6.00","11.36","8.00","-","9.34"
"5","VEGETABLES (FRESH)","Carrot","Kg ","6.00","8.00","7.00","7.32","5.00","4.64","5.00","8.00","8.00","10.00","-","15.33"
"6","VEGETABLES (FRESH)","Tomatoes","Kg ","30.65","25.00","25.66","25.00","19.31","20.00","25.00","25.00","20.00","20.00","29.32","29.32"
"7","VEGETABLES (FRESH)","Onions","Kg ","14.66","14.33","11.66","12.00","12.00","13.00","10.97","11.00","14.00","14.00","12.32","15.66"
"8","VEGETABLES (FRESH)","Garlics","Kg ","26.57","30.00","20.00","18.98","16.00","14.33","25.00","20.00","27.32","25.00","26.57","20.98"
"9","VEGETABLES (FRESH)","Leaks","Kg ","-","-","-","-","-","-","-","-","-","-","-","-"
"10","VEGETABLES (FRESH)","Pepper Green","Kg ","23.31","30.00","18.64","20.30","20.00","12.66","29.32","19.66","26.96","30.00","21.54","20.98"
"11","VEGETABLES (FRESH)","Pumpkin  ","Kg ","-","-","-","-","-","-","-","-","-","-","-","-"
"12","VEGETABLES (FRESH)","Green Peas","Kg ","-","-","-","-","-","-","-","16.00","-","-","-","18.29"
"13","VEGETABLES (FRESH)","Beet Root","Kg ","10.63","10.00","7.00","10.00","14.33","6.65","8.00","8.00","6.00","10.00","-","10.00"
"14","VEGETABLES (FRESH)","Cauliflower","Kg ","-","-","-","-","-","-","-","-","-","-","-","-"
"15","FRUITS FRESH","Banana","Kg ","12.00","12.00","12.00","10.97","12.00","12.00","12.00","12.00","16.00","16.94","12.32","12.66"
"16","FRUITS FRESH","Orange","Kg ","18.64","-","14.49","25.00","20.00","20.00","-","24.33","-","18.00","-","20.00"
"17","FRUITS FRESH","Lemon","Kg ","8.62","13.83","-","7.19","11.29","11.15","7.00","12.32","17.71","30.00","11.78","24.66"
"18","FRUITS FRESH","Tangerine","Kg ","-","-","-","-","-","-","-","25.00","-","-","-","-"
"19","FRUITS FRESH","Papaya","Kg ","-","8.46","8.00","-","-","-","-","15.00","14.16","-","-","-"
"20","FRUITS FRESH","Grapes","Kg ","-","-","-","-","-","-","-","-","-","-","-","-"
"21","FRUITS FRESH","Avocado","Kg ","-","-","10.00","13.98","15.00","-","-","12.00","-","-","-","-"
"22","FRUITS FRESH","Mango","Kg ","16.00","15.00","14.00","13.66","15.00","-","14.00","15.00","16.00","16.94","-","14.33"
"23","FRUITS FRESH","Cactus","Kg ","9.44","12.13","11.26","11.16","11.30","3.00","-","4.18","-","-","-","-"
"1","SPICES","Pepper Whole","Kg ","34.33","34.66","30.00","35.00","27.66","32.00","40.00","28.00","-","38.00","35.99","35.33"
"2","SPICES","Black Pepper(Local)","Kg ","-","-","-","250.00","212.53","-","-","334.66","-","-","243.29","251.66"
"3","SPICES","Long Pepper(Local)","Kg ","78.30","80.00","59.33","80.00","80.00","65.00","57.45","-","-","-","73.29","80.00"
"4","SPICES","White Cumin(Bishop's Weed)Local","Kg ","38.26","38.26","-","-","40.00","41.60","23.30","-","56.62","-","36.59","30.99"
"5","SPICES","Black Cumin(Local)","Kg ","40.00","60.00","34.32","40.00","40.00","41.60","29.32","56.46","62.86","40.00","38.26","35.00"
"6","SPICES","Ginger Dry(Local)","Kg ","40.00","48.27","37.95","32.97","39.32","40.00","31.58","56.46","-","60.00","38.26","33.31"
"7","SPICES","Ginger Wet(Local)","Kg ","23.21","-","17.66","16.98","21.94","10.63","15.33","14.66","17.31","20.00","11.29","10.00"
"8","SPICES","Cloves(Imported)","Kg ","400.00","-","-","-","326.53","-","-","-","-","-","346.63","362.49"
"9","SPICES","Cinnamon(Imported)","Kg ","-","-","-","-","89.63","-","-","116.57","120.00","-","83.20","80.00"
"10","SPICES","Cardamon(Local)","Kg ","116.57","118.31","82.64","114.93","120.00","120.00","86.53","116.57","120.00","120.00","83.20","113.24"
"11","SPICES","Tumeric Flour(Local)","Kg ","53.28","40.00","18.64","21.63","27.95","22.24","20.00","30.00","30.00","20.00","15.94","-"
"12","SPICES","Chillies Whole","Kg ","69.68","69.86","-","45.00","-","-","-","-","60.00","-","40.00","37.33"
"13","SPICES","Basil Dry","Kg ","52.71","41.76","-","30.10","28.00","73.88","53.94","73.19","60.00","-","33.25","34.32"
"14","POTATOES, OTHER TUBERS AND STEMS","Potato","Kg ","8.00","10.00","7.65","10.00","7.65","7.65","12.00","7.00","7.65","10.00","12.93","5.31"
"15","POTATOES, OTHER TUBERS AND STEMS","Sweet Potato","Kg ","-","-","-","-","-","-","-","-","7.00","-","-","8.11"
"16","POTATOES, OTHER TUBERS AND STEMS","'Kocho' (Unprocessed)","Kg ","-","-","-","-","-","-","-","-","-","-","-","-"
"17","POTATOES, OTHER TUBERS AND STEMS","'Bula'","Kg ","-","-","-","-","-","-","-","-","-","-","-","27.39"
"18","POTATOES, OTHER TUBERS AND STEMS","Tea Leaves(Local)","100gm ","12.66","8.00","12.00","11.25","8.00","8.32","10.00","8.00","8.00","11.25","10.82","9.65"
"19","POTATOES, OTHER TUBERS AND STEMS","Coffee Whole","Kg ","-","33.32","-","-","-","-","-","-","-","-","-","-"
"20","POTATOES, OTHER TUBERS AND STEMS","Coffee Beans","Kg ","81.63","96.55","80.00","100.00","103.23","90.00","88.30","100.00","70.00","80.00","71.63","68.66"
"21","POTATOES, OTHER TUBERS AND STEMS","Coffee Leaves","Kg ","-","-","-","-","-","-","-","-","-","-","9.37","13.80"
"22","POTATOES, OTHER TUBERS AND STEMS","Buck Thorn Leaves","Kg ","47.40","45.58","34.66","35.00","26.99","40.00","18.09","40.00","-","-","28.85","20.15"
"23","POTATOES, OTHER TUBERS AND STEMS","'Chat'","Kg ","166.41","180.00","260.00","329.85","300.00","-","-","260.00","109.12","120.00","53.64","59.94"
"1","P R I C E   I N    B I R R","Malt-Barley","Kg ","23.83","14.29","16.22","10.72","13.23","25.82","13.39","17.86","60.00","-","14.66","10.00"
"2","P R I C E   I N    B I R R","Malt-Wheat","Kg ","-","-","-","-","-","30.00","16.78","-","-","-","15.00","11.00"
"3","OTHER FOOD ITEMS","Salt","Kg ","5.00","5.00","5.00","5.00","5.00","5.00","4.78","6.00","4.00","4.64","5.00","4.31"
"4","OTHER FOOD ITEMS","Sugar","Kg ","16.00","16.00","16.00","16.00","15.42","15.33","15.35","16.00","20.00","21.31","20.65","21.33"
"5","OTHER FOOD ITEMS","Honey","Kg ","88.30","84.90","89.91","76.63","138.31","96.55","100.00","121.64","84.85","93.22","60.00","60.00"
"6","OTHER FOOD ITEMS","Canned Tomato (Local)","410gm ","27.59","-","-","20.74","19.61","23.29","-","19.29","-","21.71","-","21.71"
"7","OTHER FOOD ITEMS","Dry Yeast(Baking powder)","350gm ","-","-","87.50","87.50","-","105.00","-","87.50","-","70.00","70.00","87.50"
"8","FOOD TAKEN AWAY FROM HOME","Cup of Tea","No ","3.00","2.00","2.00","1.00","2.00","2.00","1.58","2.66","1.50","2.00","1.26","2.00"
"9","FOOD TAKEN AWAY FROM HOME","Cup of Coffee","No ","6.00","4.00","3.50","4.31","4.00","4.00","4.48","4.16","3.00","4.00","3.00","3.00"
"10","FOOD TAKEN AWAY FROM HOME","Cup of Milk","No ","6.00","4.00","6.00","4.64","4.00","4.31","4.66","5.00","5.00","5.00","4.00","5.31"
"11","FOOD TAKEN AWAY FROM HOME","'Key Wot Yebere'","One Meal ","-","-","-","28.00","-","-","25.00","25.50","-","-","26.57","-"
"12","FOOD TAKEN AWAY FROM HOME","'Key Wot Yebeg/Yefyel'","One Meal ","36.59","22.96","30.00","28.00","25.00","28.60","25.00","30.72","25.00","33.25","26.57","25.00"
"13","FOOD TAKEN AWAY FROM HOME","'Yebeg Tibs'","One Meal ","41.60","30.00","35.00","35.00","35.00","37.96","35.00","43.41","36.59","40.00","35.00","38.26"
"14","FOOD TAKEN AWAY FROM HOME","'Fasting Meal Without fish","One Meal ","21.63","18.00","25.00","20.00","20.00","25.25","20.00","35.11","13.92","13.00","14.33","16.31"
"15","FOOD TAKEN AWAY FROM HOME","'Yebeg Kikil'","One Meal ","35.00","-","30.00","28.00","25.00","28.60","25.00","30.72","25.00","35.00","26.57","25.00"
"16","COST OF MILLING","Cereals","100Kg ","40.00","35.00","20.00","35.00","40.00","40.00","30.00","40.00","30.00","30.00","25.00","25.00"
"17","COST OF MILLING","Pulses","100Kg ","45.00","40.00","80.00","75.00","100.00","150.00","100.00","150.00","40.00","50.00","35.00","30.00"
"18","COST OF MILLING","Pepper Whole","100Kg ","300.00","228.94","150.00","-","200.00","300.00","300.00","300.00","200.00","100.00","158.74","200.00"
"1","BEVERAGES - NON ALCOHOLIC","Ambo Mineral Water","500cc ","11.29","10.00","10.00","8.00","8.00","9.00","8.65","10.60","7.00","8.42","8.42","8.42"
"2","BEVERAGES - NON ALCOHOLIC","Mineral Water","Lt ","7.00","10.00","8.32","9.65","9.65","9.65","9.00","10.60","8.00","6.67","12.66","10.00"
"3","BEVERAGES - NON ALCOHOLIC","Coca Cola/Fanta","300cc ","9.32","9.00","10.00","8.00","8.00","9.00","8.65","10.60","7.00","8.00","8.32","8.00"
"4","BEVERAGES - NON ALCOHOLIC","Pepsi Cola/Mirinda","300cc ","9.32","9.00","10.00","8.00","8.00","9.00","8.65","10.60","7.00","8.00","8.65","8.65"
"5","BEVERAGES - ALCOHOLIC","Araki (Local)","900cc ","55.00","61.62","55.00","55.00","54.33","53.00","55.00","49.93","-","-","65.00","75.00"
"6","BEVERAGES - ALCOHOLIC","Cognac (Local)","900cc ","-","-","-","55.00","-","-","-","52.36","-","-","-","-"
"7","BEVERAGES - ALCOHOLIC","Brandy (Local)","900cc ","-","-","-","-","-","-","-","59.33","-","-","-","-"
"8","BEVERAGES - ALCOHOLIC","Gin (Local)","900cc ","56.62","-","55.00","55.99","54.33","53.00","-","52.36","-","-","-","75.00"
"9","BEVERAGES - ALCOHOLIC","Saris Wine (Normal)","750cc ","59.33","60.00","40.00","36.99","40.00","39.32","57.66","36.50","50.00","-","60.00","45.00"
"10","BEVERAGES - ALCOHOLIC","'Katikalla'","Lt ","25.00","-","-","36.33","29.17","22.22","28.09","33.33","39.33","44.44","31.58","33.71"
"11","BEVERAGES - ALCOHOLIC","Beer (Bedele)","330cc ","10.97","12.00","-","-","11.00","-","-","-","-","-","-","-"
"12","BEVERAGES - ALCOHOLIC","Beer (Harar)","330cc ","-","-","-","10.66","11.00","-","-","14.00","10.00","12.00","10.97","12.00"
"13","BEVERAGES - ALCOHOLIC","Beer (Meta Abo)","330cc ","11.29","12.00","11.00","10.66","11.00","14.26","12.66","14.00","-","-","10.97","12.00"
"14","BEVERAGES - ALCOHOLIC","'Tella'","Lt ","2.82","2.70","4.05","3.37","3.47","4.29","2.40","5.56","4.71","4.71","3.32","3.00"
"15","BEVERAGES - ALCOHOLIC","'Tej' (Mead)","Lt ","-","-","-","8.00","12.34","8.25","9.09","15.80","-","7.58","8.62","11.54"
"16","CIGARETTES","Nyala","Packet ","10.00","10.00","-","-","12.00","12.00","10.00","-","10.00","10.00","10.00","11.29"
"17","CIGARETTES","Gissila","Packet ","-","-","-","-","-","-","-","-","-","-","-","-"
"18","CIGARETTES","Rothmans/England/","Packet ","30.00","30.00","30.00","40.00","37.42","40.00","-","40.00","-","30.00","-","22.36"
"19","CIGARETTES","Marlboro","Packet ","-","-","-","-","-","-","-","-","-","-","-","-"
"1","TOBACCO","'Gaya'","Kg ","-","-","-","-","-","-","-","-","-","-","19.37","25.00"
"2","CLOTHING","Abujedid(Akaki/Bahir Dar)91cm","Meter ","20.65","19.66","24.31","18.98","23.99","28.65","-","18.00","-","-","-","-"
"3","CLOTHING","Abujedid(Komb",")150cm Meter ","31.58","-","29.64","28.99","30.00","35.89","35.00","25.00","35.00","30.00","36.32","26.50"
"4","CLOTHING","Khaki(S-10,000 Twil)150cm","Meter ","-","-","-","-","-","-","70.00","-","-","-","-","-"
"5","CLOTHING","Khaki(Akaki)","Meter ","-","-","-","-","-","-","-","-","-","-","-","-"
"6","CLOTHING","Wool-England 100%","Meter ","-","-","-","-","-","-","-","400.00","-","-","-","-"
"7","CLOTHING","Tetron(A","Meter ","86.64","-","-","70.66","-","-","104.88","-","-","-","-","-"
"8","CLOTHING","Poplin(Dire Dawa)105cm","Meter ","38.26","-","26.64","-","-","-","-","-","-","-","-","-"
"9","CLOTHING","Poplin(Komb","Meter ","58.28","-","38.99","45.99","-","55.00","55.00","45.00","52.44","-","-","46.50"
"10","CLOTHING","Nylon(Mojo)","Meter ","29.32","30.00","31.32","32.99","-","40.00","-","-","-","-","-","-"
"11","CLOTHING","Polyster(Arba Minch/Awasa)","Meter ","88.30","-","-","-","-","-","-","-","-","-","-","-"
"12","CLOTHING","Jersi","Meter ","-","-","-","-","-","-","-","-","-","-","-","-"
"13","CLOTHING","Cotton","Kg ","21.54","23.21","22.33","24.33","30.00","20.00","40.00","40.00","-","-","-","-"
"14","CLOTHING","Hisufi ","Meter ","119.72","-","-","80.32","72.46","81.63","110.00","-","-","-","-","-"
"15","CLOTHING","Kefai","Meter ","-","-","-","-","-","-","-","-","60.00","-","-","-"
"16","CLOTHING","Kashemire","Meter ","58.28","-","67.64","51.65","61.62","-","68.29","64.81","-","-","-","-"
"17","CLOTHING","Deriya","Meter ","-","-","-","-","-","-","-","-","-","-","-","50.00"
"18","COST OF TAILORING","Woolen Suit (Men)","No ","459.79","-","459.93","586.53","380.00","550.00","600.00","509.16","-","-","-","-"
"19","COST OF TAILORING","Khaki/Teteron Suit (Men)","No ","229.85","-","176.60","159.79","123.24","206.46","173.21","189.74","-","-","-","273.86"
"20","COST OF TAILORING","Khaki/Teteron Suit (Boys)","No ","103.23","-","94.91","109.70","58.28","-","124.90","94.87","-","-","-","134.16"
"1","READY-MADE / FOR ADULTS","'Netela'","No ","263.04","239.86","-","269.88","209.84","-","128.31","-","-","-","-","-"
"2","READY-MADE / FOR ADULTS","'Gabi'","No ","482.74","503.18","716.56","748.89","616.22","616.54","726.37","696.65","-","-","-","-"
"3","READY-MADE / FOR ADULTS","Shirts Long Sleeved (Local)","No ","234.95","154.95","150.00","-","-","-","-","-","-","-","-","-"
"4","READY-MADE / FOR ADULTS","Shirts Long Sleeved (Imported)","No ","266.37","153.32","233.00","229.85","309.89","216.61","256.50","289.65","200.00","189.74","193.10","213.12"
"5","READY-MADE / FOR ADULTS","Shirts Short Sleeved (Imported)","No ","280.00","158.32","168.12","169.80","276.63","169.80","206.46","256.50","173.07","179.26","136.58","233.00"
"6","READY-MADE / FOR ADULTS","Socks (Cotton) Imported","Pair ","25.96","20.00","15.00","18.98","25.00","20.00","21.54","30.00","21.54","20.00","15.64","20.00"
"7","READY-MADE / FOR ADULTS","Sweater (Local) Men","No ","289.83","-","-","-","-","-","160.00","324.04","-","-","-","-"
"8","READY-MADE / FOR ADULTS","Sweater (Local) Women","No ","194.81","-","-","-","-","-","-","273.86","-","-","-","-"
"9","READY-MADE / FOR ADULTS","Shash (Imported)","No ","25.96","25.00","34.32","18.29","28.23","14.00","17.33","29.66","41.60","35.00","26.57","36.59"
"10","READY-MADE / FOR ADULTS","Singlets (Local) White","No ","57.63","58.28","40.00","43.99","-","48.27","55.00","-","45.00","-","-","-"
"11","READY-MADE / FOR ADULTS","Jeans Trouser","No ","459.79","-","483.17","-","406.56","432.67","482.74","493.24","-","-","343.20","423.31"
"12","READY-MADE / FOR ADULTS","Woolen Suit","No ","-","-","-","-","-","-","-","-","-","-","-","-"
"13","READY-MADE / FOR ADULTS","'Kemisna Netela'","No ","-","-","676.35","714.00","600.00","774.60","524.40","916.37","-","-","-","-"
"14","READY-MADE / FOR ADULTS","Sweater-Men (Imported)","No ","304.96","-","350.00","239.79","443.23","359.73","-","399.50","-","-","-","-"
"15","READY-MADE / FOR ADULTS","Sweater-Women (Imported)","No ","240.00","-","219.85","-","333.10","234.52","-","244.95","-","-","-","-"
"16","READY-MADE / FOR ADULTS","Nylon Dress","No ","299.89","309.89","-","-","-","-","-","-","-","-","-","-"
"17","READY-MADE / FOR ADULTS","Tetron Trouser","No ","-","-","-","-","-","-","-","-","-","-","-","-"
"18","READY-MADE / FOR ADULTS","Leather Jacket","No ","-","-","-","-","-","948.68","900.00","-","-","-","-","-"
"19","READY-MADE / FOR ADULTS","Under Wear China","No ","-","-","67.64","44.81","-","58.28","46.61","67.45","-","-","-","-"
"20","READY-MADE / FOR ADULTS","Polyester Suit","No ","-","-","-","-","-","-","-","-","-","-","-","-"
"21","READY-MADE / FOR ADULTS","Khaki Short ","No ","-","-","-","-","-","-","74.89","-","-","-","-","-"
"22","READY-MADE / FOR ADULTS","T-Shirts ","No ","191.48","124.93","178.03","159.79","199.83","161.65","182.92","233.00","176.42","156.59","133.25","159.79"
"23","READY-MADE / FOR ADULTS","Jogging Suit(sport tuta) ","No ","358.23","373.28","434.74","316.42","-","-","-","850.00","-","-","-","359.86"
"24","READY-MADE / FOR ADULTS","Khaki Jacket ","No ","359.98","-","-","374.17","506.58","466.08","450.00","732.95","-","-","-","432.67"
"25","READY-MADE / FOR ADULTS","Geldem ","No ","59.33","66.63","-","-","-","-","-","104.88","339.70","531.33","378.33","532.80"
"26","READY-MADE / FOR ADULTS","Mekremia","No ","-","-","-","-","-","-","-","-","130.00","-","-","169.80"
"27","READY-MADE / FOR ADULTS","Polyester skirt","No ","-","-","-","-","-","-","-","-","-","-","-","-"
"28","READY-MADE / FOR ADULTS","Pants(for men)","No ","33.25","30.00","40.00","44.66","50.00","50.00","48.27","64.87","43.27","36.34","33.25","45.00"
"1","READY-MADE / FOR CHILDREN","Sweater (Local) for Boys","No ","85.00","-","-","-","-","-","-","124.90","-","-","-","-"
"2","READY-MADE / FOR CHILDREN","Socks (Imported) Cotton","Pair ","13.92","10.00","10.00","12.97","15.00","15.33","15.00","15.64","12.93","-","8.88","8.32"
"3","READY-MADE / FOR CHILDREN","Jeans Trouser","No ","274.95","-","326.01","229.78","-","-","250.00","-","-","-","196.61","-"
"4","READY-MADE / FOR CHILDREN","Shirt Long Sleeved(Imported)Boys","No ","-","131.52","-","124.90","114.89","150.00","144.91","153.26","-","-","103.23","159.79"
"5","READY-MADE / FOR CHILDREN","Sweater (England) for Girls","No ","-","-","-","-","-","-","-","170.00","-","-","-","-"
"6","READY-MADE / FOR CHILDREN","Kemise(for childeren) ","No ","336.43","159.95","359.91","189.82","359.73","439.77","182.92","353.30","223.61","-","-","372.77"
"7","READY-MADE / FOR CHILDREN","Baby Cloths(Complete)","No ","150.00","151.65","158.21","241.59","216.30","143.26","160.00","189.82","154.92","-","143.26","254.58"
"8","READY-MADE / FOR CHILDREN","T-Shirt","No ","43.27","83.30","-","-","-","-","-","-","-","-","136.58","64.87"
"9","READY-MADE / FOR CHILDREN","Jeans trouser and Jacket","No ","366.45","279.52","364.98","272.57","-","339.90","-","-","-","-","-","272.57"
"10","FOOTWEAR (MEN AND WOMEN)","Anbessa Leather Shoes Men(Local)Pair ","Anbessa Leather Shoes Men(Local)Pair ","-","-","373.30","259.87","365.93","250.00","386.55","466.08","180.00","-","-","346.05"
"11","FOOTWEAR (MEN AND WOMEN)","Leather Shoes Men (Croft)","Pair ","-","-","-","421.74","-","-","-","-","-","-","226.62","-"
"12","FOOTWEAR (MEN AND WOMEN)","Walking Shoes(Imp",") Non-Leather Pair ","-","-","-","272.57","406.56","-","354.96","-","250.00","-","-","322.69"
"13","FOOTWEAR (MEN AND WOMEN)","Canvas Shoes (Local) Men","Pair ","152.48","153.32","-","150.00","-","-","-","-","-","-","83.30","-"
"14","FOOTWEAR (MEN AND WOMEN)","Canvas Shoes (China) Men","Pair ","-","187.48","129.74","229.85","203.28","226.62","143.26","179.95","-","-","-","200.00"
"15","FOOTWEAR (MEN AND WOMEN)","Plastic Shoes (Local) Women","Pair ","23.96","18.64","17.00","25.99","25.00","25.00","15.33","28.00","20.00","-","28.65","30.65"
"16","FOOTWEAR (MEN AND WOMEN)","Slippers Sponge Adult (China)","Pair ","35.97","30.00","28.33","30.00","-","-","-","33.65","30.00","35.00","29.32","26.32"
"17","FOOTWEAR (MEN AND WOMEN)","Boots for Men Plastic (Local)","Pair ","79.90","68.29","-","130.00","-","80.00","-","80.00","-","-","-","-"
"18","FOOTWEAR (MEN AND WOMEN)","Sendel Plastic Shoes (Imp","Pair ","32.97","33.97","25.00","30.00","35.00","35.00","25.00","35.00","-","-","36.59","36.32"
"19","FOOTWEAR (MEN AND WOMEN)","Cost of Mending Shoes sole(Men)","Pair ","45.00","-","27.33","40.00","43.27","54.85","40.00","-","-","-","-","70.00"
"20","FOOTWEAR (MEN AND WOMEN)","Shoe leather,Women(China)","Pair ","275.89","240.00","283.06","409.88","349.90","253.29","-","346.63","280.00","-","-","236.33"
"21","FOOTWEAR (MEN AND WOMEN)","Shoe leather,Women(Local)","Pair ","-","-","149.78","239.79","153.26","146.59","146.59","250.00","127.48","-","58.28","-"
"22","FOOTWEAR (MEN AND WOMEN)","Shoe leather,Children(Local)","Pair ","197.48","86.40","174.95","224.94","124.90","160.00","159.79","250.00","-","-","-","-"
"23","FOOTWEAR (MEN AND WOMEN)","Plastic shoe(Childern)","Pair ","16.97","15.00","15.33","14.66","22.96","23.00","12.00","25.00","-","-","29.32","23.30"
"24","FOOTWEAR (MEN AND WOMEN)","Shoe leather,Children(Imported)","Pair ","189.74","-","-","274.95","-","-","159.79","-","140.00","-","133.25","156.39"
"25","FOOTWEAR (MEN AND WOMEN)","Shoe sendel(Plastic) Childern","Pair ","-","-","16.33","14.66","30.00","28.00","17.66","27.66","-","-","28.23","31.32"
"1","CONSTRUCTION MATERIALS","Cement/Bag/(Local)","","-","130.00","125.00","135.00","117.50","108.99","132.48","105.00","133.41","125.00","-","112.50"
"2","CONSTRUCTION MATERIALS","Lime","","-","5.31","5.00","4.47","3.83","4.00","-","4.64","-","-","-","-"
"3","CONSTRUCTION MATERIALS","Lime/Jeso(Local)","","11.29","12.00","8.00","9.65","12.00","9.86","-","8.32","3.46","3.20","2.50","2.60"
"4","CONSTRUCTION MATERIALS","Nail (7cm - 12cm)","","32.66","38.00","34.66","40.00","35.00","35.33","34.66","33.97","36.33","32.00","38.99","35.33"
"5","CONSTRUCTION MATERIALS","Nail With Cape","","56.00","60.00","59.33","60.00","65.00","55.00","53.17","50.00","68.18","59.16","62.45","55.00"
"6","CONSTRUCTION MATERIALS","Corrugated Iron Sheet (","","118.31","130.00","115.00","130.00","-","131.33","125.00","125.00","129.33","130.00","125.00","115.00"
"7","CONSTRUCTION MATERIALS","Wood for House Construction('Atana').","","-","66.63","62.63","91.46","68.29","61.62","53.28","50.00","56.62","-","-","45.00"
"8","CONSTRUCTION MATERIALS","Wall Paints-Super (Fluid) Normal","","-","120.00","141.65","130.00","126.64","166.65","-","160.00","130.00","130.00","-","171.43"
"9","CONSTRUCTION MATERIALS","Wall Paints-Super (Fluid) Plastic","","-","250.00","250.00","301.33","246.62","280.00","-","283.29","250.00","-","-","260.00"
"10","CONSTRUCTION MATERIALS","Coarse Aggregate Gravel","Meter ","-","-","250.00","-","380.00","400.00","-","322.00","-","-","-","-"
"11","CONSTRUCTION MATERIALS","Hollow Concrete Block(15x20x40 cm Cub","Hollow Concrete Block(15x20x40 cm Cub","10.32","-","10.00","8.65","10.32","10.00","13.33","14.20","-","-","-","8.00"
"12","CONSTRUCTION MATERIALS","Bricks (25cm x 12cm x 6cm)","","-","-","-","-","-","-","-","4.60","-","-","-","-"
"13","CONSTRUCTION MATERIALS","Floor Board 4m Length","","400.00","416.64","-","-","-","-","-","-","-","-","-","100.00"
"14","CONSTRUCTION MATERIALS","Iron Pipe 6mt","","236.48","230.00","-","-","274.95","-","-","-","269.62","-","-","-"
"15","CONSTRUCTION MATERIALS","Chipwood (125cm x 250cm x 8mm)","","196.61","-","246.66","-","-","252.19","200.00","244.95","-","170.00","-","170.00"
"16","CONSTRUCTION MATERIALS","Sand","Meter ","-","-","333.33","237.50","357.00","-","-","400.00","-","-","-","-"
"17","CONSTRUCTION MATERIALS","Gutter Nº 33","M","-","-","-","-","-","-","-","92.47","-","-","-","-"
"18","CONSTRUCTION MATERIALS","Window Glass (50cm x 50cm x 3mm)","","-","-","53.00","45.99","70.00","57.98","-","58.32","-","-","-","-"
"19","CONSTRUCTION MATERIALS","Water Tanker,Roto (1 meter cube)","","-","-","-","-","-","-","-","-","-","-","-","3500.00"
"20","CONSTRUCTION MATERIALS","Stone for House Construction","Meter ","-","-","144.44","180.81","300.00","133.33","-","150.00","-","-","-","180.00"
"21","CONSTRUCTION MATERIALS","Mega Paints","","121.64","-","141.65","120.66","123.31","125.00","137.14","120.00","130.00","130.00","-","171.43"
"22","CONSTRUCTION MATERIALS","Nefas seleke Paints","","-","-","-","-","-","-","140.00","147.00","-","-","-","-"
"23","CONSTRUCTION MATERIALS","\"Yewellel Nitaf\"(Cement Made Tile)","","-","-","-","-","72.40","-","-","79.35","-","-","-","-"
"24","CONSTRUCTION MATERIALS","\"Yewellel Nitaf\"(Plastic Made Tile)","",".59","-","-","-","-","-","-","-","-","-","-","-"
"25","CONSTRUCTION MATERIALS","Key (With hand)","","-","-","300.00","374.97","272.79","-","-","299.89","238.25","-","-","196.61"
"26","CONSTRUCTION MATERIALS","Door made of iron","","-","-","-","1104.99","916.37","1316.46","-","824.62","1800.00","-","-","1218.00"
"1","WATER","Water","Meter ","3.50","3.50","3.00","3.50","2.50","3.00","3.00","4.00","1.50","1.50","1.50","1.50"
"2","FUEL AND POWER","Fire Wood","Meter ","191.53","-","-","481.73","-","-","-","315.21","300.59","436.47","-","-"
"3","FUEL AND POWER","Charcoal","","6.75","7.14","-","4.87","10.49","8.72","11.94","5.78","4.92","1.30","2.13","4.27"
"4","FUEL AND POWER","Dung Cake","","-","-","-","-","-","-","-","-","-","-","-","-"
"5","FUEL AND POWER","Kerosine","","14.01","-","13.93","13.95","13.85","13.80","13.74","13.74","-","-","-","13.64"
"6","FUEL AND POWER","Diesel","","17.07","-","16.99","17.01","16.90","16.84","16.69","16.80","-","-","-","16.70"
"7","FUEL AND POWER","Electric","",".27",".27",".27",".27",".27",".27",".27",".27",".27",".27","-","-"
"8","FUEL AND POWER","Matches","","-","-","-","-","-","-","-","-","-","-","-","-"
"9","FUEL AND POWER","Candles","","-","-","-","-","-","-","-","-","-","-","-","-"
"10","FUEL AND POWER","Buthane Gas (Shell)","","-","-","-","-","-","-","-","677.08","-","-","-","-"
"11","FUEL AND POWER","Eveready Drycell","","6.83","-","5.00","5.24","5.50","-","5.00","6.00","6.00","-","-","6.65"
"12","CHAIRS, TABLES, ETC.","Table Wanza (Machine made) Varnished.","","816.33","833.24","1676.54","1415.31","2029.56","-","-","-","-","430.89","432.67","632.89"
"13","CHAIRS, TABLES, ETC.","Table Wanza (Hand made) Not Varnished","Table Wanza (Hand made) Not Varnished","-","-","-","-","-","-","-","-","-","-","-","-"
"14","CHAIRS, TABLES, ETC.","Chairs Wanza (Machine Made) Varnished","Chairs Wanza (Machine Made) Varnished","249.87","209.84","593.26","648.72","598.61","-","450.00","731.86","524.40","300.00","250.00","265.66"
"15","CHAIRS, TABLES, ETC.","Chairs Wanza (Hand Made) Varnished","","-","-","-","-","-","-","-","-","-","-","70.00","-"
"16","CHAIRS, TABLES, ETC.","Cupboard Wanza (2 doors) Varnished","","5161.40","4466.23","4149.80","3899.15","4000.00","5000.00","4481.40","3599.07","3800.00","3158.18","2449.49","2649.69"
"17","CHAIRS, TABLES, ETC.","Double Bed Wanza (120cm) Varnished","","4597.86","4814.54","-","3983.26","-","2800.00","3364.33","-","3741.66","2865.14","1864.34","1966.10"
"18","CHAIRS, TABLES, ETC.","Sofas (Complete)","","18973.67","-","-","-","-","-","-","-","-","-","10000.00",NA
"19","CHAIRS, TABLES, ETC.","Book Shelves Wanza (3 Shelves) no Doo","Book Shelves Wanza (3 Shelves) no Doo","-","-","1149.27","1189.92","2598.72","1966.10","1415.31","2530.30","-","800.00","500.00","742.59"
"20","CHAIRS, TABLES, ETC.","Chest of Drawer ","","-","-","-","2474.87","3122.69","3098.39","2598.72","3240.37","3098.39","2500.00","-","1597.91"
"1","Bed Sheet (Non-Patterned Bahir Dar)","1","Pa","256.62","251.59","-","-","331.66","254.95","-","280.00","-","-","-","-"
"2","Bed Sheet(Patterned Kombolcha)","1","Pa","306.52","254.97","282.66","-","423.31","-","284.96","424.26","-","-","-","450.00"
"3","Bed Sheet(Patterned Kombolcha)","Bed Cover(Patterned Kombolcha)","","369.86","-","-","-","-","-","-","-","-","-","-","-"
"4","Bed Sheet(Patterned Kombolcha)","Blanket Woolen(Debre B",")160cm x 220cm","306.52","-","294.97","339.90","296.63","300.00","289.89","-","-","-","-","-"
"5","Bed Sheet(Patterned Kombolcha)","Mattress-Sponge (A","","1116.42","1116.42","1244.99","873.09","906.62","943.29","1200.00","943.29","-","-","-","650.00"
"6","Bed Sheet(Patterned Kombolcha)","Towel-Local (Kombolcha)","","66.63","-","62.45","44.50","-","-","50.00","90.00","-","-","-","-"
"7","Bed Sheet(Patterned Kombolcha)","Curtains","m","116.57","156.65","120.00","71.63","153.26","150.00","93.22","108.31","103.23","100.00","67.45","113.24"
"8","EARTHEN WARE","Plastic tile","m","78.30","-","54.66","72.00","50.00","80.00","57.45","-","55.00","60.00","53.28","70.00"
"9","EARTHEN WARE","Water Pot","","-","54.85","35.33","37.28","-","-","-","-","-","-","-","-"
"10","EARTHEN WARE","'Jebena' Medium Size","","10.63","11.29","8.00","10.32","12.93","15.00","12.32","-","25.00","30.00","31.58","30.00"
"11","EARTHEN WARE","'Mitad' (Griddle of Clay)","","31.58","39.32","50.00","53.99","50.00","38.00","46.61","35.00","100.00","-","76.52","73.29"
"12","EARTHEN WARE","Local Stove '(Lakech)'","","38.26","45.00","43.32","57.30","74.89","50.00","58.28","88.30","57.45","53.13","36.59","71.63"
"13","EARTHEN WARE","Cup for Coffee (China)","","5.65","5.00","5.65","4.64","6.65","5.65","6.32","5.00","5.00","7.27","5.00","4.64"
"14","EARTHEN WARE","Plate Clay (imported)","","16.43","-","-","19.93","-","-","-","-","-","18.64","-","20.33"
"15","STRAW, BAMBOO AND OTHERS","'Sefed'","","49.83","55.00","62.96","72.13","41.60","-","53.28","44.81","-","-","51.61","54.85"
"16","STRAW, BAMBOO AND OTHERS","Sack 100Kg Capacity","","6.00","7.32","12.00","8.32","9.28","11.32","10.00","10.00","8.32","-","7.00","8.62"
"17","METAL WARE","Cooking Pan Medium (Local)","","134.94","154.95","50.29","39.97","50.00","59.33","55.98","50.92","103.23","44.81","-","62.45"
"18","METAL WARE","Tray (Nickel) Medium Nº 45 Local","","55.98","55.00","40.00","38.31","40.00","-","43.27","40.00","50.00","41.21","47.43","52.63"
"19","METAL WARE","Electric 'Mitad' Aluminium","","1450.00","-","1200.00","1349.38","1266.45","1064.87","1300.00","966.38","-","-","-","-"
"1","P R I C E   I N    B I R R","Gas Stove (Kerosine) China","","-","-","-","149.78","180.00","-","-","132.48","-","-","-","131.65"
"2","P R I C E   I N    B I R R","Permuze(Japan)","","106.27","118.31","-","-","-","-","-","-","-","-","91.64","-"
"3","P R I C E   I N    B I R R","Refregrator","","7949.68","-","7200.00","8589.99","-","-","7000.00","8500.00","-","-","-","-"
"4","PLASTIC WARE (LOCAL MADE)","Jerrycan (20 Litres)","","33.25","28.23","-","-","-","-","-","-","-","-","-","-"
"5","PLASTIC WARE (LOCAL MADE)","Bucket (20 Litres)","","41.60","35.97","40.00","43.65","37.00","40.00","43.32","39.66","55.00","45.00","45.00","32.60"
"6","GLASS WARE","Glass for Tea (Duralex)","","-","-","-","6.65","6.65","7.00","7.65","7.00","7.00","-","-","7.65"
"7","OTHER HOUSEHOLD EQUIPMENT","Kerosine Lamp","","86.64","88.30","-","-","-","-","-","82.46","-","-","78.30","75.00"
"8","OTHER HOUSEHOLD EQUIPMENT","'Kuraz' Small Local Kerosine Lamp","","5.65","6.00","3.00","4.31","4.31","7.00","7.00","-","-","-","-","-"
"9","OTHER HOUSEHOLD EQUIPMENT","Flash Light","","16.64","-","18.29","16.98","17.66","23.66","25.65","30.00","26.98","-","-","-"
"10","OTHER HOUSEHOLD EQUIPMENT","Electric Bulb Philips(40/60 Watt)","","12.66","12.00","12.00","12.97","12.00","11.66","12.00","10.00","-","15.00","12.00","12.66"
"11","HOUSEHOLD OPERATION","Hard Soap (Local)","2","-","-","5.29","-","7.33","-","-","7.27","-","-","-","5.32"
"12","HOUSEHOLD OPERATION","Hard Soap (Imported)","2","12.66","12.00","11.32","11.32","12.00","12.32","11.00","12.00","6.87","-","-","6.40"
"13","HOUSEHOLD OPERATION","Detergent (Omo)","","3.00","3.00","-","5.00","2.00","3.87","3.89","5.00","2.00","2.00","2.00","2.50"
"14","HOUSEHOLD OPERATION","Incense","","85.00","84.90","-","61.65","-","88.00","-","76.52","78.30","90.00","-","-"
"15","HOUSEHOLD OPERATION","Sandal Wood","","1.00",".50",".50",".50",".50",".91",".50",".50",".57",".50",".30",".75"
"16","HOUSEHOLD OPERATION","Toilet Paper (Mamko)","","8.65","10.00","7.00","10.00","10.00","10.00","9.32","8.65","10.00","8.00","7.16","8.32"
"17","HOUSEHOLD OPERATION","Detergent(Zahira)","","2.04","2.13","2.00","2.42","2.00","-","-","-","2.42","-","1.79","2.08"
"1","DRY CLEANING","Dry Cleaning (Suit Men)","","45.00","-","20.00","40.00","30.00","30.00","37.42","33.25","-","-","-","-"
"2","DOMESTIC SERVICE","Maid Servant","M","263.04","282.31","246.62","347.60","275.89","259.62","193.10","300.00","365.93","500.00","282.31","416.02"
"3","DOMESTIC SERVICE","Unskilled Service (Daily Laborer)","","60.00","60.00","40.00","50.00","60.00","70.00","40.00","50.00","48.27","40.00","20.65","40.00"
"4","DOMESTIC SERVICE","Salary for Guard ","M","-","-","-","-","-","-","-","-","-","-","-","-"
"5","MEDICAL CARE","Ampicillin(250 mg) Local","56 C","25.33","28.00","-","25.04","-","-","-","20.95","39.00","-","56.00","50.09"
"6","MEDICAL CARE","Tetracycline (250 mg) Local","56 C","21.44","22.40","22.28","13.72","23.30","20.49","17.69","20.35","22.43","19.51","16.61","27.62"
"7","MEDICAL CARE","Penicillin injection(4 Mu","But","11.29","8.32","7.83","8.00","6.66","6.00","9.65","6.60","6.48","6.00","8.49","10.63"
"8","MEDICAL CARE","Chloramphenicol(250mg) Local","56 C","26.96","28.00","23.30","23.76","24.13","-","15.81","21.42","29.75","-","25.99","27.62"
"9","MEDICAL CARE","Paracitamole(500mg) Local","20 P","4.64","4.00","4.00","4.31","3.00","3.30","4.00","3.63","4.00","4.00","-","5.24"
"10","MEDICAL CARE","Cough Syrup (Efadykse) Local","125c","25.96","22.36","14.66","20.33","20.00","20.00","20.33","20.65","20.49","20.00","-","23.96"
"11","MEDICAL CARE","Bactrim(480mg) Local","30 P","12.93","12.00","12.98","9.00","10.43","6.00","9.47","10.90","11.74","10.67","12.00","12.97"
"12","MEDICAL CARE","Vermox(100mg) Local","12 P","4.64","4.00","5.09","4.70","6.38","-","-","6.11","5.24","-","5.17","-"
"13","MEDICAL CARE","Mezel(250mg) Local","30 C","13.92","15.00","11.94","10.43","11.94","8.92","9.97","10.43","12.02","11.62","12.00","16.94"
"14","MEDICAL CARE","Asprin (300 mg) Local","20 P","6.00","4.00","4.00","4.93","3.30","2.00","2.62","3.17","6.00","4.00","-","6.00"
"15","MEDICAL CARE","Insulin(Lente)","Butt","114.89","-","-","-","-","-","-","74.75","-","-","-","1.70"
"16","MEDICAL CARE","Amoxacillin(500mg)","16 C","16.00","16.00","16.00","14.85","16.64","15.73","16.00","15.16","15.20","16.00","18.07","17.00"
"17","MEDICAL CARE","Magnesium Oxide","30 P","6.00","6.00","6.00","7.23","4.95","5.20","6.00","6.00","-","6.00","-","6.00"
"18","MEDICAL CARE","Fasider Tablet","1 P","-","-","-","-","-","-","-","-","-","-","-","-"
"19","OTHER MEDICAL EXPENSES","Doctor's Fee (Government)","per v","7.00","7.00","5.00","10.00","5.92","5.12","5.92","5.77","5.00","3.00","2.00","5.00"
"20","OTHER MEDICAL EXPENSES","Doctor's Fee (Private)","per v","20.00","20.00","20.00","25.00","15.00","10.00","18.17","26.21","17.32","14.42","-","10.00"
"21","OTHER MEDICAL EXPENSES","Injection (Service Charge)","","-","1.00","5.00","-","2.00","-","5.00","2.29","2.45","2.29","2.00","2.29"
"1","P R I C E   I N    B I R R","Labratory Test Fee (Private)","","-","20.00","20.00","13.92","15.00","10.00","13.10","15.54","20.00","10.00","7.88","12.60"
"2","P R I C E   I N    B I R R","Bed Charge (gov","per","25.00","5.00","15.00","20.00","20.00","15.00","15.00","20.00","-","-","-","-"
"3","P R I C E   I N    B I R R","X-Ray(For TB)","","-","-","-","100.00","70.00","-","-","99.33","-","-","-","80.00"
"4","P R I C E   I N    B I R R","Bed Charge (Private)","per","-","-","-","60.00","100.00","-","-","95.83","60.00","-","-","50.00"
"5","TRANSPORT","Benzene","","19.17","-","19.33","19.31","19.20","19.14","-","19.10","-","-","-","19.00"
"6","TRANSPORT","Motor Oil (Mobil)","","75.00","-","80.00","70.00","83.15","80.66","75.00","83.10","100.00","-","-","102.50"
"7","TRANSPORT","Car Washing and Greasing","","100.00","-","60.00","50.00","-","60.00","-","73.19","-","-","-","100.00"
"8","TRANSPORT","Bus Fare (per km)","T","-","-",".31",".21",".37",".32",".29",".29","-","-","-","-"
"9","TRANSPORT","Bus Fare (within Town) ","","-","-","-","-","-","-","-","-","-","-","-","-"
"10","TRANSPORT","Taxi Fare ","","2.00","-","1.50","1.50","-","1.50","2.00","1.35","-","-","-","-"
"11","TRANSPORT","Air Plane (To Addis Ababa) ","","1624.00","-","-","1506.00","-","-","-","1376.00","-","-","-","-"
"12","TRANSPORT","Animal Transport fare","","-","-","-","-","-","-","-","-","-","-","-","-"
"13","TRANSPORT","Cart Fare","","-","-","-","4.47","2.00","-","-","-","2.00","2.00","-","3.00"
"14","COMMUNICATION","Telephone Charge (with town)","Pe","-","-",".20",".20",".20",".20",".20",".20","-",".20","-","-"
"15","COMMUNICATION","Telephone Charge to Addia Ababa","Pe","4.20","4.40","4.20","-","4.20","-","4.20","3.60","-","2.48","2.49","2.48"
"16","COMMUNICATION","Telephone Line Installation Charge","","283.10","283.10","283.80","283.30","283.30","283.30","283.30","283.30","283.30","283.80","-","283.30"
"17","COMMUNICATION","Mobile Apparatus(Nokia6200)","","-","-","-","-","-","-","-","-","-","-","-","-"
"18","COMMUNICATION","Mobile call from Tel","Pe","-","-","2.16","2.16","2.15","-","2.16","2.16","-","2.48","2.49","-"
"19","COMMUNICATION","Internet Service","10hrs/m","-","-","106.00","106.00","106.00","106.00","106.00","106.00","121.90","121.90","121.90","121.90"
"1","EQUIPMENT AND ACCESSORIES","T","","6648.31","-","4800.00","5374.94","4500.00","-","5000.00","5000.00","-","-","-","-"
"2","EQUIPMENT AND ACCESSORIES","Cassette Recorded Original(Local Musi","Cassette Recorded Original(Local Musi","16.51","15.00","15.00","13.66","15.00","15.00","15.00","15.00","13.49","-","10.00","12.00"
"3","EQUIPMENT AND ACCESSORIES","Radio Set Philips 3 Band","","489.90","-","-","-","-","-","-","-","-","-","-","-"
"4","EQUIPMENT AND ACCESSORIES","Tape Recorder National (2 Speaker)","","2645.75","-","-","-","-","-","-","-","-","-","-","-"
"5","EQUIPMENT AND ACCESSORIES","Expense for Photograph(Passport size)","Expense for Photograph(Passport size)","10.00","10.00","8.00","10.00","10.00","8.00","10.00","10.00","10.00","10.00","12.00","11.29"
"6","EQUIPMENT AND ACCESSORIES","Newspaper (Addis Zemen)","","-","-","-","-","-","-","-","3.00","-","-","-","-"
"7","EQUIPMENT AND ACCESSORIES","Theater Enterance Fee ","","-","-","-","-","-","-","-","-","-","-","-","-"
"8","EQUIPMENT AND ACCESSORIES","VCD-Player(Mayato Japan)","","1016.40","1000.00","-","-","-","-","-","-","-","-","-","-"
"9","EQUIPMENT AND ACCESSORIES","VCD Cassette rent","","4.31","5.00","5.00","4.00","3.30","3.30","3.00","3.00","3.00","5.00","2.00","6.00"
"10","EDUCATION","Exercise Book (50 Leaves) Local","","5.00","5.00","4.66","-","5.00","7.66","-","-","7.66","8.00","7.00","6.65"
"11","EDUCATION","Pencil (China)","","1.00","1.00","3.00","2.29","2.00","2.00","-","2.00","-","2.00","2.00","2.29"
"12","EDUCATION","Ball Point-Bic England","","3.00","3.00","3.00","3.00","3.32","3.50","3.50","4.00","-","3.00","3.66","3.63"
"13","EDUCATION","Day School Fee-Public(Grade 7 & 8)","M","-","-","140.00","-","-","-","-","-","-","-","-","-"
"14","EDUCATION","Day School Fee-Private(Grade 9-10)","M","-","-","-","-","-","-","-","-","-","-","-","-"
"15","EDUCATION","Night School Fee-Government(Gr","9-10)M","-","-","-","-","-","-","70.00","-","90.00","60.00","80.00","100.00"
"16","EDUCATION","School Uniform Fee ","","-","-","180.00","-","-","-","-","-","200.00","-","133.25","-"
"17","EDUCATION","Night School Fee-Private(Grade9-10)","M","-","-","-","-","-","-","-","-","-","-","-","-"
"18","EDUCATION","Night College Fee-Private","Credi","-","-","60.00","-","58.00","-","-","64.87","-","-","-","-"
"19","PERSONAL CARE","GIV Toilet Soap","","7.11","6.75","7.88","7.88","7.88","9.00","7.88","7.88","8.25","7.88","-","7.88"
"20","PERSONAL CARE","Blade-INDIA","","1.00","1.00","1.00","1.00","1.00","1.00","1.00","1.00","1.31","1.00","1.00","1.25"
"1","P R I C E   I N    B I R R","Hair Dressing (Traditional)","","21.54","20.00","10.00","15.00","15.00","15.00","15.00","15.00","10.00","15.00","16.51","15.00"
"2","P R I C E   I N    B I R R","Hair Dressing (Modern)","","29.32","30.00","28.65","30.00","25.00","30.00","21.54","26.57","30.00","40.00","26.57","20.00"
"3","P R I C E   I N    B I R R","Barbery (Mens Hair Cut)","","10.00","10.00","10.00","14.33","8.62","10.00","5.65","10.63","10.00","15.00","7.88","10.00"
"4","P R I C E   I N    B I R R","Zenith Hair Oil(Liquids Form)","3","24.66","24.00","22.66","23.33","23.00","23.33","22.66","22.66","23.33","24.00","24.56","23.65"
"5","P R I C E   I N    B I R R","Zenith Hair Oil(Non-Liquids Form)","3","25.96","23.66","22.00","23.33","23.00","23.00","22.66","22.66","23.33","24.00","24.56","23.65"
"6","P R I C E   I N    B I R R","Shaving Machine (medium) ","","-","-","75.00","64.87","-","75.00","-","-","-","-","-","75.00"
"7","P R I C E   I N    B I R R","Perfume  ","1","-","-","65.00","44.81","-","-","-","62.45","-","-","-","-"
"8","P R I C E   I N    B I R R","Parafin Hair Oil","3","-","-","40.14","30.73","31.32","29.70","-","29.14","38.82","-","-","-"
"9","P R I C E   I N    B I R R","Shoe Polish(Black/Brown)","","3.00","3.00","3.00","4.31","3.00","3.00","3.00","3.00","3.00","5.00","3.63","4.00"
"10","P R I C E   I N    B I R R","Modes(Disposable napkins)","Pa","20.65","18.00","15.00","15.98","15.66","15.00","15.66","15.66","16.66","15.66","-","21.95"
"11","PERSONAL EFFECTS","Umbrella-Men Medium (Local)","","94.91","94.91","77.64","67.64","90.00","74.89","-","70.00","-","-","91.64","-"
"12","PERSONAL EFFECTS","Umbrella-Women Medium (Imported)","","112.92","143.26","118.31","139.76","74.89","61.62","94.87","75.00","100.00","-","78.30","89.63"
"13","PERSONAL EFFECTS","Hand Bag (Imported Synthetic)","","266.37","-","268.01","308.64","275.89","233.00","-","283.06","250.00","-","226.62","275.89"
"14","PERSONAL EFFECTS","Belt (Local) Machine Made","","61.62","-","64.87","44.81","66.49","50.98","78.30","-","-","-","-","-"
"15","PERSONAL EFFECTS","Belt (Local) Hand Made","","-","63.29","-","-","-","-","-","-","-","-","6.65","-"
"16","JEWELLERY","Seiko-21 Jewels Automatic (Men)","","-","-","-","-","-","-","-","-","-","-","-","-"
"17","JEWELLERY","Seiko-21 Jewels Automatic (Women)","","-","-","-","-","-","-","-","-","-","-","-","-"
"18","JEWELLERY","Earrings (4gm 18 carat Local)","","4665.72","-","-","-","-","-","-","-","-","-","-","-"
"19","JEWELLERY","Neck Laces (6gm 18 carat Local)","","7200.00","-","-","-","-","-","-","-","-","-","-","-"
"20","JEWELLERY","Rings (4gm 18 carat Local)","","4665.72","-","-","-","-","-","-","-","-","-","-","-"
"21","JEWELLERY","Bracelet 20gm (18 carat Local)","","24000.00","-","-","-","-","-","-","-","-","-","-","-"
"1","LIVESTOCK","Sheep (10-15Kg)","","773.15","698.81","926.44","914.58","748.89","823.08","849.02","1009.57","466.08","824.26","866.35","723.04"
"2","LIVESTOCK","Goat (10-15Kg)","","1113.34","849.02","1081.51","809.47","716.28","816.41","748.89","786.57","548.48","906.07","782.97","839.48"
"3","LIVESTOCK","Heifer (2-4 Years)","","1715.54","2198.48","3098.92","7321.20","2663.71","4762.20","5729.67","4399.24","2800.00","-","2232.84","-"
"4","LIVESTOCK","Cow (4 Years and Above)","","4762.20","6593.52","4031.42","6931.23","4399.24","5565.87","6312.60","5165.15","3240.37","-","-","-"
"5","LIVESTOCK","Bull (2-4 Years)","","1799.31","2216.54","4682.57","7245.69","4762.20","4752.31","7329.05","5999.44","2898.28","-","3098.92","-"
"6","LIVESTOCK","Ox (4 Years and Above)","","6649.87","7015.21","5216.30","8250.41","6495.38","7763.94","7998.33","7499.56","4660.85","-","6745.37","-"
"7","LIVESTOCK","Hen (Indigenous)","","67.64","88.30","86.45","93.30","64.87","68.29","61.62","88.30","90.00","96.55","48.27","54.85"
"8","LIVESTOCK","Cock (Indigenous)","","101.48","118.17","109.70","104.46","109.70","94.91","81.63","151.65","103.23","132.76","61.62","84.90"
"9","DRAUGHT ANIMALS","Donkey","","2672.08","2415.87","1415.31","2149.42","1465.90","2164.66","1559.39","2532.90","-","-","-","-"
"10","DRAUGHT ANIMALS","Horse","","-","-","-","-","-","-","6500.00","4965.09","-","-","-","-"
"11","DRAUGHT ANIMALS","Mule","","-","-","-","-","-","-","-","8000.00","-","-","-","-"
"12","FARM EQUIPMENT (INDUSTRIAL PRODUCT)","Sickel","","48.27","63.29","24.33","26.50","30.00","-","-","-","41.38","-","61.62","47.62"
"13","FARM EQUIPMENT (INDUSTRIAL PRODUCT)","Pick Axe ('Doma')","","38.26","50.00","49.97","-","112.92","128.31","95.00","94.91","100.00","-","-","83.30"
"14","FARM EQUIPMENT (INDUSTRIAL PRODUCT)","'Gejera'","","-","-","-","-","-","-","84.90","-","82.16","-","61.62","70.00"
"15","FARM EQUIPMENT (HAND MADE)","'Mofer'","","-","-","171.55","174.67","74.83","-","76.42","189.74","100.00","-","-","-"
"16","FARM EQUIPMENT (HAND MADE)","'Kember'","","-","-","204.96","266.37","84.85","-","-","89.44","100.00","-","-","-"
"17","FARM EQUIPMENT (HAND MADE)","'Digr'","","-","-","25.30","19.56","21.54","-","-","10.82","-","-","-","-"
"18","FARM EQUIPMENT (HAND MADE)","Plough","","248.32","246.62","132.65","159.79","150.00","171.65","146.59","150.00","110.00","-","-","-"
"19","FARM EQUIPMENT (HAND MADE)","Sickel","","15.33","19.31","-","-","20.00","-","25.00","-","30.00","-","-","-"
